case,backend,workload,sink_replicas,cpu_limit_per_sink,memory_limit_per_sink,sink_shares_node_with_backend,node_family,gomemlimit,gomaxprocs,gogc,prestop_seconds,termination_grace_seconds,execution_mib,read_mib,batch_wait_ms,batch_operations,batch_mib,batching_enabled,concurrency,keys,hot_keys,padding_bytes,random_padding,full_incoming_document,dns_min_interval_seconds,extra_fields,operations_per_rpc,visible,return_document,backend_members,search_shards,search_replicas,client_connections,search_flush_mib,search_active_shards,offered_rpcs_per_second,elapsed_seconds,rpc_timeout_seconds,error_backoff_seconds,successful_rpcs_per_second,successful_operations_per_second,p50_ms,p95_ms,p99_ms,max_ms,execution_p99_ms,errors,scheduled_not_issued,failed_rpcs,verified,cold_mapping,healthy,excluded,fault,fault_confirmed,fault_after_seconds,first_error_second,last_error_second,last_30s_failed_rpcs,last_30s_successful_rpcs_per_second,reconciled_unacknowledged,warm_connections,sink_cpu_cores,load_cpu_cores,backend_cpu_cores,backend_read_mib_per_second,backend_write_mib_per_second,sink_max_throttled_period_percent,sink_peak_sampled_cgroup_mib,sink_peak_sampled_rss_mib,pod_replaced,oom_kills,sampling_errors,search_stats_samples,search_stats_sampling_errors,server_binary_sha256,load_binary_sha256
batch128-mongo-c128,mongo,merge,1,2,2Gi,False,m8g.2xlarge,1536MiB,auto,400,,,512,32,2,128,16.0,True,128,4096,0,1024,False,False,30.0,0,1,False,False,1,1,0,4,0,1,0,30.016862963,5.0,0.01,6207.4774512472095,6207.4774512472095,20.613328,29.117131,32.177563,45.032254,32.176557,0,0,0,True,False,True,False,,,,,,0,6206.7,0,True,0.9159039093736122,0.2182183918258619,0.6687558718862422,,,0.0,36.90625,54.0625,False,0,0,0,0,7c910988883ac20f5442e1a6a3e66d10de8900691696fc13cf5cddca8ca81a8d,df2b1c70f80cd409fb1c774b0a1b1f2d4ca8dd5ba1dd6e3986075e0cf3e40b5c
batch128-mongo-c512,mongo,merge,1,2,2Gi,False,m8g.2xlarge,1536MiB,auto,400,,,512,32,2,128,16.0,True,512,4096,0,1024,False,False,30.0,0,1,False,False,1,1,0,4,0,1,0,30.020919519,5.0,0.01,13605.279469920955,13605.279469920955,37.034292,54.872559,65.815937,151.659734,65.673033,0,0,0,True,False,True,False,,,,,,0,13597.7,0,True,1.9070153948536064,0.44930975609755736,1.4714228140258194,,,0.4444444444444444,111.34765625,128.35546875,False,0,0,0,0,7c910988883ac20f5442e1a6a3e66d10de8900691696fc13cf5cddca8ca81a8d,df2b1c70f80cd409fb1c774b0a1b1f2d4ca8dd5ba1dd6e3986075e0cf3e40b5c
batch128-search-c128,search,merge,1,2,2Gi,False,m8g.2xlarge,1536MiB,auto,400,,,512,32,2,128,16.0,True,128,4096,0,1024,False,False,30.0,0,1,False,False,1,1,0,4,0,1,0,30.00678324,5.0,0.01,9512.182552760694,9512.182552760694,12.920783,18.596782,21.971245,43.156215,21.9699,0,0,0,True,False,True,False,,,,,,0,9510.066666666668,0,True,1.0052130530004362,0.32039285087719044,0.5304003502626936,,,0.0,50.80078125,67.99609375,False,0,0,0,0,7c910988883ac20f5442e1a6a3e66d10de8900691696fc13cf5cddca8ca81a8d,df2b1c70f80cd409fb1c774b0a1b1f2d4ca8dd5ba1dd6e3986075e0cf3e40b5c
batch128-search-c512,search,merge,1,2,2Gi,False,m8g.2xlarge,1536MiB,auto,400,,,512,32,2,128,16.0,True,512,4096,0,1024,False,False,30.0,0,1,False,False,1,1,0,4,0,1,0,30.019886186,5.0,0.01,18808.69889051484,18808.69889051484,26.228092,39.040064,51.999326,112.768818,51.998251,0,0,0,True,False,True,False,,,,,,0,18804.1,0,True,1.864499202127664,0.6125858724535006,1.0125133185840953,,,1.7777777777777777,102.2265625,119.328125,False,0,0,0,0,7c910988883ac20f5442e1a6a3e66d10de8900691696fc13cf5cddca8ca81a8d,df2b1c70f80cd409fb1c774b0a1b1f2d4ca8dd5ba1dd6e3986075e0cf3e40b5c
batch256-mongo-c128,mongo,merge,1,2,2Gi,False,m8g.2xlarge,1536MiB,auto,400,,,512,32,2,256,16.0,True,128,4096,0,1024,False,False,30.0,0,1,False,False,1,1,0,4,0,1,0,30.014175686,5.0,0.01,6027.052080073574,6027.052080073574,21.204767,30.630209,33.209703,45.150496,33.208528,0,0,0,True,False,True,False,,,,,,0,6025.633333333333,0,True,0.8736795515695068,0.20728101436265947,0.7139871576110054,,,0.0,44.1328125,61.24609375,False,0,0,0,0,7c910988883ac20f5442e1a6a3e66d10de8900691696fc13cf5cddca8ca81a8d,df2b1c70f80cd409fb1c774b0a1b1f2d4ca8dd5ba1dd6e3986075e0cf3e40b5c
batch256-mongo-c512,mongo,merge,1,2,2Gi,False,m8g.2xlarge,1536MiB,auto,400,,,512,32,2,256,16.0,True,512,4096,0,1024,False,False,30.0,0,1,False,False,1,1,0,4,0,1,0,30.032965804,5.0,0.01,13776.028737890943,13776.028737890943,36.313614,55.719798,65.753985,125.942531,65.752593,0,0,0,True,False,True,False,,,,,,0,13774.1,0,True,1.8911746886121006,0.45442498886414623,1.4922019136625841,,,2.6666666666666665,107.23828125,120.92578125,False,0,0,0,0,7c910988883ac20f5442e1a6a3e66d10de8900691696fc13cf5cddca8ca81a8d,df2b1c70f80cd409fb1c774b0a1b1f2d4ca8dd5ba1dd6e3986075e0cf3e40b5c
batch256-search-c128,search,merge,1,2,2Gi,False,m8g.2xlarge,1536MiB,auto,400,,,512,32,2,256,16.0,True,128,4096,0,1024,False,False,30.0,0,1,False,False,1,1,0,4,0,1,0,30.004882427,5.0,0.01,9544.146713346494,9544.146713346494,12.820724,18.712763,21.780116,39.98157,21.779088,0,0,0,True,False,True,False,,,,,,0,9541.433333333332,0,True,1.00472341181697,0.3255377896613249,0.5496503558718968,,,0.0,39.09375,56.109375,False,0,0,0,0,7c910988883ac20f5442e1a6a3e66d10de8900691696fc13cf5cddca8ca81a8d,df2b1c70f80cd409fb1c774b0a1b1f2d4ca8dd5ba1dd6e3986075e0cf3e40b5c
batch256-search-c512,search,merge,1,2,2Gi,False,m8g.2xlarge,1536MiB,auto,400,,,512,32,2,256,16.0,True,512,4096,0,1024,False,False,30.0,0,1,False,False,1,1,0,4,0,1,0,30.021642448,5.0,0.01,19033.768754982542,19033.768754982542,26.151333,38.550174,48.481644,119.976282,48.480512,0,0,0,True,False,True,False,,,,,,0,19030.466666666667,0,True,1.8607972633467929,0.6250919064748263,1.0393853680431,,,0.8968609865470852,96.8828125,112.32421875,False,0,0,0,0,7c910988883ac20f5442e1a6a3e66d10de8900691696fc13cf5cddca8ca81a8d,df2b1c70f80cd409fb1c774b0a1b1f2d4ca8dd5ba1dd6e3986075e0cf3e40b5c
batch32-mongo-c128,mongo,merge,1,2,2Gi,True,m8g.2xlarge,1536MiB,auto,400,,,512,32,2,32,16.0,True,128,4096,0,1024,False,False,30.0,0,1,False,False,1,1,0,4,0,1,0,30.006556008,5.0,0.01,10897.751808398738,10897.751808398738,11.380781,15.297774,18.912286,28.941762,18.910803,0,0,0,True,False,True,False,,,,,,0,10895.866666666667,0,True,1.63006094700264,0.36864009536194653,1.2170327840417534,,,0.0,39.82421875,56.72265625,False,0,0,0,0,7c910988883ac20f5442e1a6a3e66d10de8900691696fc13cf5cddca8ca81a8d,df2b1c70f80cd409fb1c774b0a1b1f2d4ca8dd5ba1dd6e3986075e0cf3e40b5c
batch32-mongo-c512,mongo,merge,1,2,2Gi,True,m8g.2xlarge,1536MiB,auto,400,,,512,32,2,32,16.0,True,512,4096,0,1024,False,False,30.0,0,1,False,False,1,1,0,4,0,1,0,30.036132697,5.0,0.01,12062.504972092745,12062.504972092745,19.77924,174.829328,375.761469,1263.988574,375.368132,0,0,0,True,False,True,False,,,,,,0,12059.966666666667,0,True,1.8097741243432461,0.4248527376259322,1.4218096802451827,,,1.7543859649122806,93.2578125,109.90234375,False,0,0,0,0,7c910988883ac20f5442e1a6a3e66d10de8900691696fc13cf5cddca8ca81a8d,df2b1c70f80cd409fb1c774b0a1b1f2d4ca8dd5ba1dd6e3986075e0cf3e40b5c
batch32-search-c128,search,merge,1,2,2Gi,True,m8g.2xlarge,1536MiB,auto,400,,,512,32,2,32,16.0,True,128,4096,0,1024,False,False,30.0,0,1,False,False,1,1,0,4,0,1,0,30.008717075,5.0,0.01,12614.667899793914,12614.667899793914,9.742249,12.719959,15.29341,49.055326,15.292325,0,0,0,True,False,True,False,,,,,,0,12614.066666666668,0,True,1.4307029079861133,0.42470797918474484,0.7948823784722235,,,0.0,35.16796875,52.4296875,False,0,0,0,0,7c910988883ac20f5442e1a6a3e66d10de8900691696fc13cf5cddca8ca81a8d,df2b1c70f80cd409fb1c774b0a1b1f2d4ca8dd5ba1dd6e3986075e0cf3e40b5c
batch32-search-c512,search,merge,1,2,2Gi,True,m8g.2xlarge,1536MiB,auto,400,,,512,32,2,32,16.0,True,512,4096,0,1024,False,False,30.0,0,1,False,False,1,1,0,4,0,1,0,30.027562873,5.0,0.01,13935.596497452048,13935.596497452048,17.821203,145.831857,283.13694,666.982561,283.136147,0,0,0,True,False,True,False,,,,,,0,13931.333333333334,0,True,1.5846153229398792,0.49536461949267135,0.9641358574610324,,,0.0,79.7890625,91.921875,False,0,0,0,0,7c910988883ac20f5442e1a6a3e66d10de8900691696fc13cf5cddca8ca81a8d,df2b1c70f80cd409fb1c774b0a1b1f2d4ca8dd5ba1dd6e3986075e0cf3e40b5c
batch64-mongo-c128,mongo,merge,1,2,2Gi,True,m8g.2xlarge,1536MiB,auto,400,,,512,32,2,64,16.0,True,128,4096,0,1024,False,False,30.0,0,1,False,False,1,1,0,4,0,1,0,30.011930678,5.0,0.01,7999.118836296014,7999.118836296014,16.00905,19.68921,22.243336,30.354675,22.242499,0,0,0,True,False,True,False,,,,,,0,7998.033333333334,0,True,1.1851461708720596,0.26208387953941625,0.8402505099777186,,,0.0,37.7421875,54.73046875,False,0,0,0,0,7c910988883ac20f5442e1a6a3e66d10de8900691696fc13cf5cddca8ca81a8d,df2b1c70f80cd409fb1c774b0a1b1f2d4ca8dd5ba1dd6e3986075e0cf3e40b5c
batch64-mongo-c512,mongo,merge,1,2,2Gi,True,m8g.2xlarge,1536MiB,auto,400,,,512,32,2,64,16.0,True,512,4096,0,1024,False,False,30.0,0,1,False,False,1,1,0,4,0,1,0,30.031708315,5.0,0.01,13100.453556399694,13100.453556399694,30.534964,94.358838,151.080989,479.840542,151.079581,0,0,0,True,False,True,False,,,,,,0,13097.233333333334,0,True,1.8884454868830012,0.4426702269692874,1.4209313446131602,,,7.555555555555555,97.78125,114.61328125,False,0,0,0,0,7c910988883ac20f5442e1a6a3e66d10de8900691696fc13cf5cddca8ca81a8d,df2b1c70f80cd409fb1c774b0a1b1f2d4ca8dd5ba1dd6e3986075e0cf3e40b5c
batch64-search-c128,search,merge,1,2,2Gi,True,m8g.2xlarge,1536MiB,auto,400,,,512,32,2,64,16.0,True,128,4096,0,1024,False,False,30.0,0,1,False,False,1,1,0,4,0,1,0,30.011363285,5.0,0.01,10445.876684205417,10445.876684205417,11.849765,15.616143,18.272986,45.546163,18.245034,0,0,0,True,False,True,False,,,,,,0,10445.566666666668,0,True,1.150248958794829,0.3520291111111111,0.62938861320335,,,0.0,42.29296875,59.30859375,False,0,0,0,0,7c910988883ac20f5442e1a6a3e66d10de8900691696fc13cf5cddca8ca81a8d,df2b1c70f80cd409fb1c774b0a1b1f2d4ca8dd5ba1dd6e3986075e0cf3e40b5c
batch64-search-c512,search,merge,1,2,2Gi,True,m8g.2xlarge,1536MiB,auto,400,,,512,32,2,64,16.0,True,512,4096,0,1024,False,False,30.0,0,1,False,False,1,1,0,4,0,1,0,30.020586113,5.0,0.01,17066.622152927717,17066.622152927717,23.521688,68.924983,106.259133,328.268934,106.258133,0,0,0,True,False,True,False,,,,,,0,17061.266666666666,0,True,1.8099479129662903,0.5783084775854481,1.0268831705151193,,,0.8888888888888888,87.59765625,103.83984375,False,0,0,0,0,7c910988883ac20f5442e1a6a3e66d10de8900691696fc13cf5cddca8ca81a8d,df2b1c70f80cd409fb1c774b0a1b1f2d4ca8dd5ba1dd6e3986075e0cf3e40b5c
calibrate-single-b128-search,search,merge,1,2,2Gi,True,m8g.2xlarge,1536MiB,auto,400,5,60,512,32,2,128,16.0,True,128,4096,0,1024,True,True,30.0,32,1,False,False,3,1,1,4,0,all,4500,120.015318214,5.0,0.01,3985.299602731927,3985.299602731927,7054.531994,13508.959792,13667.840923,13857.363031,145.104528,0,61703,0,True,False,False,False,,,,,,0,4090.9666666666667,0,True,0.8609265538343857,0.17649424198947997,2.344360243183724,0.0,28.645071930667932,0.0,52.11328125,68.2890625,False,0,0,0,0,42741dd5ce9e8743129ad9ef0d57f0d414b22fed6d85d5f20cae024edd6ad3e4,f6cdfbc6595132be9e2ed7e4013a9b33bea60338f14fe89aca10708eb3b4a8f3
calibrate-single-b32-mongo,mongo,merge,1,2,2Gi,True,m8g.2xlarge,1536MiB,auto,400,5,60,512,32,2,32,16.0,True,128,4096,0,1024,True,True,30.0,32,1,False,False,3,1,0,4,0,1,3500,120.008979185,5.0,0.01,3499.73812669924,3499.73812669924,11.187829,16.917584,19.815608,64.20201,19.366155,0,0,0,True,False,True,False,,,,,,0,3499.8333333333335,0,True,1.5242532184866002,0.2647066598550997,3.5386740154075174,0.0,43.054236855757246,0.0,34.9765625,52.01171875,False,0,0,0,0,42741dd5ce9e8743129ad9ef0d57f0d414b22fed6d85d5f20cae024edd6ad3e4,f6cdfbc6595132be9e2ed7e4013a9b33bea60338f14fe89aca10708eb3b4a8f3
calibrate-single-b32-search,search,merge,1,2,2Gi,True,m8g.2xlarge,1536MiB,auto,400,5,60,512,32,2,32,16.0,True,128,4096,0,1024,True,True,30.0,32,1,False,False,3,1,1,4,0,all,4500,120.180797674,5.0,0.01,4493.230286795009,4493.230286795009,13.365037,224.9741,1021.206977,1386.341671,39.737006,0,0,0,True,False,True,False,,,,,,0,4499.3,0,True,1.1519872390891681,0.33961331245848936,2.6948292333467263,0.0,39.98695459637592,0.0,38.3046875,55.05859375,False,0,0,0,0,42741dd5ce9e8743129ad9ef0d57f0d414b22fed6d85d5f20cae024edd6ad3e4,f6cdfbc6595132be9e2ed7e4013a9b33bea60338f14fe89aca10708eb3b4a8f3
calibrate-single-b64-mongo,mongo,merge,1,2,2Gi,True,m8g.2xlarge,1536MiB,auto,400,5,60,512,32,2,64,16.0,True,128,4096,0,1024,True,True,30.0,32,1,False,False,3,1,0,4,0,1,3500,120.010000871,5.0,0.01,3499.7083322369303,3499.7083322369303,11.130263,16.932735,20.793803,60.370856,20.345967,0,0,0,True,False,True,False,,,,,,0,3499.9333333333334,0,True,1.5212936192369575,0.25609286187636726,3.4967402726732306,0.0,42.55656838355801,0.0,35.77734375,52.71484375,False,0,0,0,0,42741dd5ce9e8743129ad9ef0d57f0d414b22fed6d85d5f20cae024edd6ad3e4,f6cdfbc6595132be9e2ed7e4013a9b33bea60338f14fe89aca10708eb3b4a8f3
calibrate-single-b64-search,search,merge,1,2,2Gi,True,m8g.2xlarge,1536MiB,auto,400,5,60,512,32,2,64,16.0,True,128,4096,0,1024,True,True,30.0,32,1,False,False,3,1,1,4,0,all,4500,120.023530316,5.0,0.01,4277.486244974751,4277.486244974751,1520.844189,4321.237297,4633.384559,5961.720444,171.490424,0,26601,0,True,False,False,False,,,,,,0,3980.3333333333335,0,True,0.9491364094278673,0.20495148721847467,2.380669917874099,0.0,32.54655948423533,0.0,52.7734375,69.609375,False,0,0,0,0,42741dd5ce9e8743129ad9ef0d57f0d414b22fed6d85d5f20cae024edd6ad3e4,f6cdfbc6595132be9e2ed7e4013a9b33bea60338f14fe89aca10708eb3b4a8f3
candidate-1cpu-mongo-c128,mongo,merge,1,1,2Gi,,m8g.2xlarge,1536MiB,auto,100,,,512,32,2,1000,16.0,True,128,4096,0,1024,False,False,30.0,0,1,False,False,1,1,0,4,0,1,0,30.028347432,5.0,0.01,4037.984450345892,4037.984450345892,27.107114,61.029643,67.937031,111.750283,67.936048,0,0,0,True,True,True,False,,,,,,0,,0,False,0.9932653031049795,0.1458809385382064,1.1583971718954753,,,99.01477832512315,20.89453125,0.0,False,0,0,0,0,523ea3b4953c7a7a24415f3c80d3f64e5cd54414f7e7c49db5b43ca768b2f261,1009f4efae198c022ef6d1ad0e07f0db54fd28124f7242c55fd9f119e68ee52b
candidate-1cpu-mongo-c32,mongo,merge,1,1,2Gi,,m8g.2xlarge,1536MiB,auto,100,,,512,32,2,1000,16.0,True,32,4096,0,1024,False,False,30.0,0,1,False,False,1,1,0,4,0,1,0,30.005702214,5.0,0.01,2750.6771683380407,2750.6771683380407,11.641347,12.509491,13.080481,77.44419,13.07942,0,0,0,True,True,True,False,,,,,,0,,0,False,0.7864939743021733,0.10464210266535048,0.7885835948006201,,,0.0,11.6796875,0.0,False,0,0,0,0,523ea3b4953c7a7a24415f3c80d3f64e5cd54414f7e7c49db5b43ca768b2f261,1009f4efae198c022ef6d1ad0e07f0db54fd28124f7242c55fd9f119e68ee52b
candidate-1cpu-mongo-c512,mongo,merge,1,1,2Gi,,m8g.2xlarge,1536MiB,auto,100,,,512,32,2,1000,16.0,True,512,4096,0,1024,False,False,30.0,0,1,False,False,1,1,0,4,0,1,0,30.047710972,5.0,0.01,4080.377374311493,4080.377374311493,94.576042,332.703639,651.550025,1629.476039,651.54878,0,0,0,True,True,True,False,,,,,,0,,0,False,0.9947277675276829,0.15274886363636356,1.4053034220526877,,,100.0,39.9921875,0.0,False,0,0,0,0,523ea3b4953c7a7a24415f3c80d3f64e5cd54414f7e7c49db5b43ca768b2f261,1009f4efae198c022ef6d1ad0e07f0db54fd28124f7242c55fd9f119e68ee52b
candidate-1cpu-search-c128,search,merge,1,1,2Gi,,m8g.2xlarge,1536MiB,auto,100,,,512,32,2,1000,16.0,True,128,4096,0,1024,False,False,30.0,0,1,False,False,1,1,0,4,0,1,0,30.010622033,5.0,0.01,5840.865271211354,5840.865271211354,17.049214,41.760342,47.940792,2369.492092,47.939357,0,0,0,True,True,True,False,,,,,,0,,0,False,0.988818673110721,0.2277368744512722,0.44537988774555903,,,97.36842105263158,20.296875,0.0,False,0,0,0,0,523ea3b4953c7a7a24415f3c80d3f64e5cd54414f7e7c49db5b43ca768b2f261,1009f4efae198c022ef6d1ad0e07f0db54fd28124f7242c55fd9f119e68ee52b
candidate-1cpu-search-c32,search,merge,1,1,2Gi,,m8g.2xlarge,1536MiB,auto,100,,,512,32,2,1000,16.0,True,32,4096,0,1024,False,False,30.0,0,1,False,False,1,1,0,4,0,1,0,30.002362634,5.0,0.01,3026.428321918269,3026.428321918269,10.366889,11.01688,11.488781,576.960737,11.487241,0,0,0,True,True,True,False,,,,,,0,,0,False,0.544580258126199,0.1227322306660706,0.23980056630486019,,,0.0,12.51171875,0.0,False,0,0,0,0,523ea3b4953c7a7a24415f3c80d3f64e5cd54414f7e7c49db5b43ca768b2f261,1009f4efae198c022ef6d1ad0e07f0db54fd28124f7242c55fd9f119e68ee52b
candidate-1cpu-search-c512,search,merge,1,1,2Gi,,m8g.2xlarge,1536MiB,auto,100,,,512,32,2,1000,16.0,True,512,4096,0,1024,False,False,30.0,0,1,False,False,1,1,0,4,0,1,0,30.047478695,5.0,0.01,5721.544950412353,5721.544950412353,78.055647,143.075969,265.463118,5004.906938,265.461951,394,0,394,True,True,False,False,,,,,,0,,0,False,0.8377616339193384,0.2144078201737814,0.4656436629526458,,,94.50980392156863,34.4140625,0.0,False,0,0,0,0,523ea3b4953c7a7a24415f3c80d3f64e5cd54414f7e7c49db5b43ca768b2f261,1009f4efae198c022ef6d1ad0e07f0db54fd28124f7242c55fd9f119e68ee52b
candidate-2cpu-mongo-c128,mongo,merge,1,2,2Gi,,m8g.2xlarge,1536MiB,auto,100,,,512,32,2,1000,16.0,True,128,4096,0,1024,False,False,30.0,0,1,False,False,1,1,0,4,0,1,0,30.021179854,5.0,0.01,5627.526993330007,5627.526993330007,24.759552,28.763522,34.218273,188.642066,34.217394,0,0,0,True,True,True,False,,,,,,0,,0,False,1.2935236466494544,0.196502722241769,1.6299033341008669,,,0.0,19.2265625,0.0,False,0,0,0,0,523ea3b4953c7a7a24415f3c80d3f64e5cd54414f7e7c49db5b43ca768b2f261,1009f4efae198c022ef6d1ad0e07f0db54fd28124f7242c55fd9f119e68ee52b
candidate-2cpu-mongo-c32,mongo,merge,1,2,2Gi,,m8g.2xlarge,1536MiB,auto,100,,,512,32,2,1000,16.0,True,32,4096,0,1024,False,False,30.0,0,1,False,False,1,1,0,4,0,1,0,30.011652172,5.0,0.01,2732.805229447466,2732.805229447466,11.706926,12.640595,13.366104,71.060154,13.365183,0,0,0,True,True,True,False,,,,,,0,,0,False,0.7926835963653756,0.10554340245051826,0.7848798492458868,,,0.0,12.05078125,0.0,False,0,0,0,0,523ea3b4953c7a7a24415f3c80d3f64e5cd54414f7e7c49db5b43ca768b2f261,1009f4efae198c022ef6d1ad0e07f0db54fd28124f7242c55fd9f119e68ee52b
candidate-2cpu-mongo-c512,mongo,merge,1,2,2Gi,,m8g.2xlarge,1536MiB,auto,100,,,512,32,2,1000,16.0,True,512,4096,0,1024,False,False,30.0,0,1,False,False,1,1,0,4,0,1,0,30.059897596,5.0,0.01,7276.205758901348,7276.205758901348,46.537472,217.138118,432.972269,1195.919283,432.971393,0,0,0,True,True,True,False,,,,,,0,,0,False,1.8938287927107047,0.2641794917521183,2.073201851852081,,,5.909090909090909,37.1015625,0.0,False,0,0,0,0,523ea3b4953c7a7a24415f3c80d3f64e5cd54414f7e7c49db5b43ca768b2f261,1009f4efae198c022ef6d1ad0e07f0db54fd28124f7242c55fd9f119e68ee52b
candidate-2cpu-search-c128,search,merge,1,2,2Gi,,m8g.2xlarge,1536MiB,auto,100,,,512,32,2,1000,16.0,True,128,4096,0,1024,False,False,30.0,0,1,False,False,1,1,0,4,0,1,0,30.015010298,5.0,0.01,7263.032657181066,7263.032657181066,15.566977,22.276987,33.796775,2935.834187,33.795545,0,0,0,True,True,True,False,,,,,,0,,0,False,1.078228272883137,0.2365801615388936,0.9159474340847893,,,0.0,18.71484375,0.0,False,0,0,0,0,523ea3b4953c7a7a24415f3c80d3f64e5cd54414f7e7c49db5b43ca768b2f261,1009f4efae198c022ef6d1ad0e07f0db54fd28124f7242c55fd9f119e68ee52b
candidate-2cpu-search-c32,search,merge,1,2,2Gi,,m8g.2xlarge,1536MiB,auto,100,,,512,32,2,1000,16.0,True,32,4096,0,1024,False,False,30.0,0,1,False,False,1,1,0,4,0,1,0,30.003333678,5.0,0.01,2878.413476543945,2878.413476543945,10.817558,11.897981,13.446791,633.506299,13.445714,0,0,0,True,True,True,False,,,,,,0,,0,False,0.545046630727763,0.11566700847079829,0.27520210828941055,,,0.0,13.16015625,0.0,False,0,0,0,0,523ea3b4953c7a7a24415f3c80d3f64e5cd54414f7e7c49db5b43ca768b2f261,1009f4efae198c022ef6d1ad0e07f0db54fd28124f7242c55fd9f119e68ee52b
candidate-2cpu-search-c512,search,merge,1,2,2Gi,,m8g.2xlarge,1536MiB,auto,100,,,512,32,2,1000,16.0,True,512,4096,0,1024,False,False,30.0,0,1,False,False,1,1,0,4,0,1,0,30.027455141,5.0,0.01,10179.250907701822,10179.250907701822,35.888418,85.873123,160.304402,5002.471953,160.30309,249,0,249,True,True,False,False,,,,,,0,,0,False,1.8964893152015514,0.4234880130597004,0.9036443141254509,,,7.281553398058253,38.33203125,0.0,False,0,0,0,0,523ea3b4953c7a7a24415f3c80d3f64e5cd54414f7e7c49db5b43ca768b2f261,1009f4efae198c022ef6d1ad0e07f0db54fd28124f7242c55fd9f119e68ee52b
candidate-4cpu-mongo-c128,mongo,merge,1,4,2Gi,,m8g.2xlarge,1536MiB,auto,100,,,512,32,2,1000,16.0,True,128,4096,0,1024,False,False,30.0,0,1,False,False,1,1,0,4,0,1,0,30.009058754,5.0,0.01,5536.028349368201,5536.028349368201,25.205765,30.016882,34.357013,73.311317,34.355966,0,0,0,True,True,True,False,,,,,,0,,0,True,1.7402383194278932,0.2047641234711698,1.6241610642436293,,,0.0,21.21875,0.0,False,0,0,0,0,523ea3b4953c7a7a24415f3c80d3f64e5cd54414f7e7c49db5b43ca768b2f261,f2d8278c10ee99a1750d8cae7955717059a66a2e32af1dec124f87f8114231c2
candidate-4cpu-mongo-c32,mongo,merge,1,4,2Gi,,m8g.2xlarge,1536MiB,auto,100,,,512,32,2,1000,16.0,True,32,4096,0,1024,False,False,30.0,0,1,False,False,1,1,0,4,0,1,0,30.00653808,5.0,0.01,2696.1457461140085,2696.1457461140085,11.782185,13.544156,15.898048,39.126458,15.897085,0,0,0,True,True,True,False,,,,,,0,,0,True,1.03912213523132,0.11078119099491664,0.8026138750686083,,,0.0,11.828125,0.0,False,0,0,0,0,523ea3b4953c7a7a24415f3c80d3f64e5cd54414f7e7c49db5b43ca768b2f261,f2d8278c10ee99a1750d8cae7955717059a66a2e32af1dec124f87f8114231c2
candidate-4cpu-mongo-c512,mongo,merge,1,4,2Gi,False,m8g.2xlarge,1536MiB,auto,100,,,512,32,2,1000,16.0,True,512,4096,0,1024,False,False,30.0,0,1,False,False,1,1,0,4,0,1,0,30.032984579,5.0,0.01,10617.326398621197,10617.326398621197,39.184913,108.567464,166.499587,522.397087,166.498599,0,0,0,True,True,True,False,,,,,,0,,0,True,3.064638768115952,0.41051002073254933,3.0315544070522717,,,0.0,42.95703125,57.1328125,False,0,0,0,0,523ea3b4953c7a7a24415f3c80d3f64e5cd54414f7e7c49db5b43ca768b2f261,f2d8278c10ee99a1750d8cae7955717059a66a2e32af1dec124f87f8114231c2
candidate-4cpu-search-c128,search,merge,1,4,2Gi,,m8g.2xlarge,1536MiB,auto,100,,,512,32,2,1000,16.0,True,128,4096,0,1024,False,False,30.0,0,1,False,False,1,1,0,4,0,1,0,30.013143999,5.0,0.01,8002.0940161417975,8002.0940161417975,14.566069,21.177665,24.630028,2256.258662,24.62923,0,0,0,True,True,True,False,,,,,,0,,0,True,1.7475129770992337,0.31446304508499695,0.5525641582622243,,,0.0,19.5234375,0.0,False,0,0,0,0,523ea3b4953c7a7a24415f3c80d3f64e5cd54414f7e7c49db5b43ca768b2f261,f2d8278c10ee99a1750d8cae7955717059a66a2e32af1dec124f87f8114231c2
candidate-4cpu-search-c32,search,merge,1,4,2Gi,,m8g.2xlarge,1536MiB,auto,100,,,512,32,2,1000,16.0,True,32,4096,0,1024,False,False,30.0,0,1,False,False,1,1,0,4,0,1,0,30.010233553,5.0,0.01,3050.2261782914156,3050.2261782914156,10.365497,12.753108,14.254658,539.388319,14.25364,0,0,0,True,True,True,False,,,,,,0,,0,True,0.798122389861198,0.1292300232738547,0.2451127805486255,,,0.0,13.05859375,0.0,False,0,0,0,0,523ea3b4953c7a7a24415f3c80d3f64e5cd54414f7e7c49db5b43ca768b2f261,f2d8278c10ee99a1750d8cae7955717059a66a2e32af1dec124f87f8114231c2
candidate-4cpu-search-c512,search,merge,1,4,2Gi,False,m8g.2xlarge,1536MiB,auto,100,,,512,32,2,1000,16.0,True,512,4096,0,1024,False,False,30.0,0,1,False,False,1,1,0,4,0,1,0,30.018414151,5.0,0.01,15123.983489476776,15123.983489476776,25.901488,46.366041,69.998583,5003.617616,69.99764,244,0,244,True,True,False,False,,,,,,0,,0,True,2.606899092558988,0.5610591208791218,0.8791865671641779,,,0.0,40.0,56.90234375,False,0,0,0,0,523ea3b4953c7a7a24415f3c80d3f64e5cd54414f7e7c49db5b43ca768b2f261,f2d8278c10ee99a1750d8cae7955717059a66a2e32af1dec124f87f8114231c2
compact-1cpu-mongo,mongo,merge,1,1,512Mi,False,m8g.2xlarge,384MiB,1,400,,,128,8,2,32,16.0,True,128,4096,0,1024,False,False,30.0,0,1,False,False,1,1,0,4,0,1,0,40.013168603,5.0,0.01,6849.095174618406,6849.095174618406,18.678944,24.444373,27.237376,35.824509,27.236442,0,0,0,True,False,True,False,,,,,,0,6826.033333333334,0,True,0.916589797615743,0.2072719346803152,0.7410051189817496,,,4.451038575667655,41.390625,58.07421875,False,0,0,0,0,7c910988883ac20f5442e1a6a3e66d10de8900691696fc13cf5cddca8ca81a8d,cf7577d759dd94361193caa12ad374dfa8c978cb90c32e84f4958d87157f9466
compact-1cpu-search,search,merge,1,1,512Mi,False,m8g.2xlarge,384MiB,1,400,,,128,8,2,32,16.0,True,128,4096,0,1024,False,False,30.0,0,1,False,False,1,1,0,4,0,1,0,40.010569089,5.0,0.01,9114.816617298828,9114.816617298828,13.876444,18.300399,21.521601,61.712521,21.460246,0,0,0,True,False,True,False,,,,,,0,9069.5,0,True,0.9624592494869567,0.2968984737305573,0.623329586146175,,,3.225806451612903,45.0703125,60.41015625,False,0,0,0,0,7c910988883ac20f5442e1a6a3e66d10de8900691696fc13cf5cddca8ca81a8d,cf7577d759dd94361193caa12ad374dfa8c978cb90c32e84f4958d87157f9466
cpu1-c128-mongo,mongo,merge,1,1,2Gi,False,m8g.2xlarge,1536MiB,auto,400,,,512,32,2,64,16.0,True,128,4096,0,1024,False,False,30.0,0,1,False,False,1,1,0,4,0,1,0,40.002844359,5.0,0.01,6211.80828467998,6211.80828467998,17.429196,41.980675,47.591919,57.44127,47.590507,0,0,0,True,False,True,False,,,,,,0,6221.333333333333,0,True,0.9977843731298345,0.213496765498656,0.6689675359712113,,,98.50299401197604,47.11328125,64.60546875,False,0,0,0,0,7c910988883ac20f5442e1a6a3e66d10de8900691696fc13cf5cddca8ca81a8d,65849e6a851c66b8b192de82764fb7749af1a4e20c456234d890033fe7da5b58
cpu1-c128-search,search,merge,1,1,2Gi,False,m8g.2xlarge,1536MiB,auto,400,,,512,32,2,64,16.0,True,128,4096,0,1024,False,False,30.0,0,1,False,False,1,1,0,4,0,1,0,40.027496247,5.0,0.01,8636.438259010749,8636.438259010749,12.562126,30.588948,37.207885,58.811751,37.207095,0,0,0,True,False,True,False,,,,,,0,8640.7,0,True,0.9972629144613927,0.29071585543572964,0.5263417297612231,,,97.96511627906976,43.80078125,62.00390625,False,0,0,0,0,7c910988883ac20f5442e1a6a3e66d10de8900691696fc13cf5cddca8ca81a8d,65849e6a851c66b8b192de82764fb7749af1a4e20c456234d890033fe7da5b58
cpu1-c512-mongo,mongo,merge,1,1,2Gi,False,m8g.2xlarge,1536MiB,auto,400,,,512,32,2,64,16.0,True,512,4096,0,1024,False,False,30.0,0,1,False,False,1,1,0,4,0,1,0,40.087510787,5.0,0.01,6555.70762166715,6555.70762166715,76.07066,187.072758,301.490867,865.891235,301.489216,0,0,0,True,False,True,False,,,,,,0,6549.4,0,True,0.9983296428682115,0.2313911966577126,0.7129364639235,,,99.10714285714286,107.5234375,124.48828125,False,0,0,0,0,7c910988883ac20f5442e1a6a3e66d10de8900691696fc13cf5cddca8ca81a8d,65849e6a851c66b8b192de82764fb7749af1a4e20c456234d890033fe7da5b58
cpu1-c512-search,search,merge,1,1,2Gi,False,m8g.2xlarge,1536MiB,auto,400,,,512,32,2,64,16.0,True,512,4096,0,1024,False,False,30.0,0,1,False,False,1,1,0,4,0,1,0,40.069869842,5.0,0.01,8951.938237244249,8951.938237244249,58.435649,120.38645,201.972878,504.762844,201.97203,0,0,0,True,False,True,False,,,,,,0,8982.266666666666,0,True,0.9996878281200725,0.3154207564026213,0.5931367857142793,,,98.80597014925372,92.8359375,105.75,False,0,0,0,0,7c910988883ac20f5442e1a6a3e66d10de8900691696fc13cf5cddca8ca81a8d,65849e6a851c66b8b192de82764fb7749af1a4e20c456234d890033fe7da5b58
cpu1-gomax1-mongo,mongo,merge,1,1,2Gi,False,m8g.2xlarge,1536MiB,1,400,,,512,32,2,64,16.0,True,128,4096,0,1024,False,False,30.0,0,1,False,False,1,1,0,4,0,1,0,40.013581952,5.0,0.01,6636.196687378237,6636.196687378237,19.244437,24.212924,26.897197,36.509602,26.895114,0,0,0,True,False,True,False,,,,,,0,6633.966666666666,0,True,0.9083014684287809,0.2187156149104803,0.7384863929617508,,,0.0,41.078125,57.6171875,False,0,0,0,0,7c910988883ac20f5442e1a6a3e66d10de8900691696fc13cf5cddca8ca81a8d,65849e6a851c66b8b192de82764fb7749af1a4e20c456234d890033fe7da5b58
cpu1-gomax1-search,search,merge,1,1,2Gi,False,m8g.2xlarge,1536MiB,1,400,,,512,32,2,64,16.0,True,128,4096,0,1024,False,False,30.0,0,1,False,False,1,1,0,4,0,1,0,40.007986539,5.0,0.01,8772.84838260628,8772.84838260628,14.433348,18.481266,21.616176,39.39796,21.594195,0,0,0,True,False,True,False,,,,,,0,8787.933333333332,0,True,0.8831665211062586,0.28985753344967913,0.5384312463599563,,,0.29069767441860467,47.01953125,63.58203125,False,0,0,0,0,7c910988883ac20f5442e1a6a3e66d10de8900691696fc13cf5cddca8ca81a8d,65849e6a851c66b8b192de82764fb7749af1a4e20c456234d890033fe7da5b58
cpu4-batch128-mongo,mongo,merge,1,4,2Gi,False,m8g.2xlarge,1536MiB,auto,400,,,512,32,2,128,16.0,True,512,4096,0,1024,False,False,30.0,0,1,False,False,1,1,0,4,0,1,0,40.014649485,5.0,0.01,17859.35923961774,17859.35923961774,29.073174,40.661498,47.37279,69.063885,47.371944,0,0,0,True,False,True,False,,,,,,0,17798.066666666666,0,True,2.7255204673173568,0.5920000593119605,1.933225444312263,,,0.0,100.8984375,116.91796875,False,0,0,0,0,7c910988883ac20f5442e1a6a3e66d10de8900691696fc13cf5cddca8ca81a8d,cf7577d759dd94361193caa12ad374dfa8c978cb90c32e84f4958d87157f9466
cpu4-batch128-search,search,merge,1,4,2Gi,False,m8g.2xlarge,1536MiB,auto,400,,,512,32,2,128,16.0,True,512,4096,0,1024,False,False,30.0,0,1,False,False,1,1,0,4,0,1,0,40.014417534,5.0,0.01,24796.08753912094,24796.08753912094,20.170401,27.27687,37.327737,79.141041,37.067229,0,0,0,True,False,True,False,,,,,,0,24758.766666666666,0,True,2.7293820578231314,0.8052116378086958,1.2908836451246926,,,0.0,97.015625,112.75390625,False,0,0,0,0,7c910988883ac20f5442e1a6a3e66d10de8900691696fc13cf5cddca8ca81a8d,cf7577d759dd94361193caa12ad374dfa8c978cb90c32e84f4958d87157f9466
cpu4-c128-mongo,mongo,merge,1,4,2Gi,False,m8g.2xlarge,1536MiB,auto,400,,,512,32,2,64,16.0,True,128,4096,0,1024,False,False,30.0,0,1,False,False,1,1,0,4,0,1,0,40.002461074,5.0,0.01,7760.347530261557,7760.347530261557,16.196159,19.649002,21.210885,34.569398,21.209616,0,0,0,True,False,True,False,,,,,,0,7751.5,0,True,1.2541962863933453,0.2591230130486339,0.8247804986642351,,,0.0,35.76953125,52.7734375,False,0,0,0,0,7c910988883ac20f5442e1a6a3e66d10de8900691696fc13cf5cddca8ca81a8d,65849e6a851c66b8b192de82764fb7749af1a4e20c456234d890033fe7da5b58
cpu4-c128-search,search,merge,1,4,2Gi,False,m8g.2xlarge,1536MiB,auto,400,,,512,32,2,64,16.0,True,128,4096,0,1024,False,False,30.0,0,1,False,False,1,1,0,4,0,1,0,40.008521389,5.0,0.01,11424.991080167109,11424.991080167109,11.015746,13.101281,15.469683,55.019979,15.468252,0,0,0,True,False,True,False,,,,,,0,11404.433333333332,0,True,1.3337773998270395,0.3778362247838637,0.6003281673881736,,,0.0,33.98046875,51.06640625,False,0,0,0,0,7c910988883ac20f5442e1a6a3e66d10de8900691696fc13cf5cddca8ca81a8d,65849e6a851c66b8b192de82764fb7749af1a4e20c456234d890033fe7da5b58
cpu4-c512-mongo,mongo,merge,1,4,2Gi,False,m8g.2xlarge,1536MiB,auto,400,,,512,32,2,64,16.0,True,512,4096,0,1024,False,False,30.0,0,1,False,False,1,1,0,4,0,1,0,40.028363724,5.0,0.01,16933.017913835123,16933.017913835123,25.044941,61.176323,89.778603,209.791768,89.777641,0,0,0,True,False,True,False,,,,,,0,16935.233333333334,0,True,2.6564511143695015,0.5866086292926378,1.8554704725569136,,,0.0,88.7421875,105.67578125,False,0,0,0,0,7c910988883ac20f5442e1a6a3e66d10de8900691696fc13cf5cddca8ca81a8d,65849e6a851c66b8b192de82764fb7749af1a4e20c456234d890033fe7da5b58
cpu4-c512-search,search,merge,1,4,2Gi,False,m8g.2xlarge,1536MiB,auto,400,,,512,32,2,64,16.0,True,512,4096,0,1024,False,False,30.0,0,1,False,False,1,1,0,4,0,1,0,40.023449213,5.0,0.01,21953.30530669523,21953.30530669523,20.049365,41.727151,57.889821,129.972866,57.889039,0,0,0,True,False,True,False,,,,,,0,21959.7,0,True,2.5237974824355955,0.7354400469070528,1.1869794556628597,,,0.0,96.1875,112.12109375,False,0,0,0,0,7c910988883ac20f5442e1a6a3e66d10de8900691696fc13cf5cddca8ca81a8d,65849e6a851c66b8b192de82764fb7749af1a4e20c456234d890033fe7da5b58
cpu4-memory4g-mongo,mongo,merge,1,4,4Gi,False,m8g.2xlarge,3GiB,auto,400,,,1024,32,2,128,16.0,True,1024,4096,0,1024,False,False,30.0,0,1,False,False,1,1,0,4,0,1,0,40.027855784,5.0,0.01,25578.56222738908,25578.56222738908,39.757067,58.466058,74.582697,116.859191,74.444923,0,0,0,True,False,True,False,,,,,,0,25352.433333333334,0,True,3.7409900858242127,0.8212436927621772,2.9139202187406124,,,8.284023668639053,199.8359375,216.28125,False,0,0,0,0,7c910988883ac20f5442e1a6a3e66d10de8900691696fc13cf5cddca8ca81a8d,cf7577d759dd94361193caa12ad374dfa8c978cb90c32e84f4958d87157f9466
cpu4-memory4g-read8-mongo,mongo,merge,1,4,4Gi,False,m8g.2xlarge,3GiB,auto,400,,,1024,8,2,64,16.0,True,1024,4096,0,1024,False,False,30.0,0,1,False,False,1,1,0,4,0,1,0,40.019775053,5.0,0.01,26452.4975114932,26452.4975114932,37.601495,56.323938,71.364481,140.673779,71.261174,0,0,0,True,False,True,False,,,,,,0,26263.9,0,True,3.818941995902856,0.8251820956853607,2.997061109479867,,,21.994134897360702,184.5390625,200.63671875,False,0,0,0,0,7c910988883ac20f5442e1a6a3e66d10de8900691696fc13cf5cddca8ca81a8d,cf7577d759dd94361193caa12ad374dfa8c978cb90c32e84f4958d87157f9466
cpu4-memory4g-read8-search,search,merge,1,4,4Gi,False,m8g.2xlarge,3GiB,auto,400,,,1024,8,2,64,16.0,True,1024,4096,0,1024,False,False,30.0,0,1,False,False,1,1,0,4,0,1,0,40.021645548,5.0,0.01,32595.061550765997,32595.061550765997,29.675051,49.304305,61.611675,134.353868,61.610086,0,0,0,True,False,True,False,,,,,,0,31448.033333333333,0,True,3.6808855900260937,0.9377168552364552,1.7849303716608331,,,31.53153153153153,190.20703125,203.9375,False,0,0,0,0,7c910988883ac20f5442e1a6a3e66d10de8900691696fc13cf5cddca8ca81a8d,cf7577d759dd94361193caa12ad374dfa8c978cb90c32e84f4958d87157f9466
cpu4-memory4g-search,search,merge,1,4,4Gi,False,m8g.2xlarge,3GiB,auto,400,,,1024,32,2,128,16.0,True,1024,4096,0,1024,False,False,30.0,0,1,False,False,1,1,0,4,0,1,0,40.056330108,5.0,0.01,34826.92988196102,34826.92988196102,28.492093,40.847717,54.272446,128.190651,54.271297,0,0,0,True,False,True,False,,,,,,0,34746.166666666664,0,True,3.562599171597614,1.0684993195266501,1.8122454464813875,,,0.9036144578313253,159.78125,175.80078125,False,0,0,0,0,7c910988883ac20f5442e1a6a3e66d10de8900691696fc13cf5cddca8ca81a8d,cf7577d759dd94361193caa12ad374dfa8c978cb90c32e84f4958d87157f9466
diagnose-search-flush-one-shard,search,merge,1,2,2Gi,True,m8g.2xlarge,1536MiB,auto,400,5,60,512,32,2,32,16.0,True,128,4096,0,1024,True,True,30.0,32,1,False,False,3,1,1,4,0,all,3000,180.008632966,5.0,0.01,2999.8561241337525,2999.8561241337525,10.900975,21.357398,557.782503,969.179203,29.14667,0,0,0,True,False,True,False,,,,,,0,3000.233333333333,0,True,0.839126865305619,0.2674657244466243,2.0164778765086724,0.0,31.572192403098185,0.0,31.578125,48.125,False,0,0,0,0,42741dd5ce9e8743129ad9ef0d57f0d414b22fed6d85d5f20cae024edd6ad3e4,f6cdfbc6595132be9e2ed7e4013a9b33bea60338f14fe89aca10708eb3b4a8f3
diagnostic-node-replacement,search,merge,1,2,2Gi,False,m8g.2xlarge,1536MiB,auto,200,,,512,32,2,1000,16.0,True,512,4096,0,1024,False,False,30.0,0,1,False,False,1,1,0,4,0,1,0,44.862879239,5.0,0.01,11750.984532034037,11750.984532034037,0.007333,31.057418,45.177617,5746.556982,44.146883,4134005,0,4134005,False,False,False,True,,,,,,0,,0,True,1.8695643138974178,1.287133456825301,0.7817563114984402,,,3.493449781659389,58.2890625,74.91015625,True,0,1,0,0,7c910988883ac20f5442e1a6a3e66d10de8900691696fc13cf5cddca8ca81a8d,2abbaa4f94268e5f7616e463ae450e4fa9def4e1ac7de97888bf6456bb42fbfe
diagnostic-search-cpu,search,merge,1,2,2Gi,False,m8g.2xlarge,1536MiB,auto,100,,,512,32,2,1000,16.0,True,512,4096,0,1024,False,False,30.0,0,1,False,False,1,1,0,4,0,1,0,40.025056305,5.0,0.01,13373.147958148762,13373.147958148762,33.746782,69.910984,114.483096,301.054634,114.48233,0,0,0,True,False,True,True,,,,,,0,,0,True,1.8190790796085718,0.4104519353128335,0.7698709685728973,,,6.336088154269972,42.484375,59.4140625,False,0,0,0,0,87b9ca40c5ad69ca8a19759a0c3bd401eca1396cebacd6ecba0d251f04ad1077,2abbaa4f94268e5f7616e463ae450e4fa9def4e1ac7de97888bf6456bb42fbfe
diagnostic-search-startup,search,merge,1,2,2Gi,False,m8g.2xlarge,1536MiB,auto,100,,,512,32,2,1000,16.0,True,512,4096,0,1024,False,False,30.0,0,1,False,False,1,1,0,4,0,1,0,40.028404543,5.0,0.01,11922.708522827172,11922.708522827172,33.292494,73.075425,119.197515,5005.090371,119.196616,303,0,303,True,True,False,True,,,,,,0,,0,True,1.9317347094801216,0.4406284743202414,0.807398193881309,,,8.01526717557252,39.9375,56.37109375,False,0,0,0,0,87b9ca40c5ad69ca8a19759a0c3bd401eca1396cebacd6ecba0d251f04ad1077,f2d8278c10ee99a1750d8cae7955717059a66a2e32af1dec124f87f8114231c2
diagnostic-search-warm-mapping,search,merge,1,2,2Gi,False,m8g.2xlarge,1536MiB,auto,100,,,512,32,2,1000,16.0,True,512,4096,0,1024,False,False,30.0,0,1,False,False,1,1,0,4,0,1,0,40.031008445,5.0,0.01,13102.54276308427,13102.54276308427,34.275406,74.493998,116.693283,381.561843,116.6924,0,0,0,True,False,True,True,,,,,,0,,0,True,1.9114177469135791,0.42664707142857144,0.8501503726287268,,,5.405405405405405,39.57421875,56.1953125,False,0,0,0,0,87b9ca40c5ad69ca8a19759a0c3bd401eca1396cebacd6ecba0d251f04ad1077,2abbaa4f94268e5f7616e463ae450e4fa9def4e1ac7de97888bf6456bb42fbfe
diagnostic-third-node-replacement,search,merge,1,2,2Gi,False,m8g.2xlarge,1536MiB,auto,400,,,512,8,2,32,16.0,True,512,4096,0,1024,False,False,30.0,0,1,False,False,1,1,0,4,0,1,0,40.009412475,5.0,0.01,14032.023098334688,14032.023098334688,31.190937,64.85906,78.442799,130.885437,78.441315,22732,0,22732,False,False,False,True,,,,39,39,22732,12594.833333333334,0,True,0,0.43829866785080257,1.0053237278106455,,,0,0.0,0.0,True,0,0,0,0,7c910988883ac20f5442e1a6a3e66d10de8900691696fc13cf5cddca8ca81a8d,843c38f89484f9af0e257af747e82bf22699337101470d48dbd15e7520d64b7c
fair-large-delta-mongo,mongo,merge,1,2,2Gi,False,m8g.2xlarge,1536MiB,auto,400,0,60,512,32,2,128,16.0,True,16,32,0,1048576,True,False,30.0,0,1,False,False,1,1,0,4,0,1,0,90.148612106,5.0,0.01,54.132835614395475,54.132835614395475,293.000433,310.97596,318.136856,419.077893,318.135981,0,0,0,True,False,True,False,,,,,,0,54.4,0,True,0.8327961190328524,0.004403248202330779,0.07935764603745046,0.0,3.6549574444993547,0.0,508.1328125,523.09375,False,0,0,0,0,42741dd5ce9e8743129ad9ef0d57f0d414b22fed6d85d5f20cae024edd6ad3e4,f6cdfbc6595132be9e2ed7e4013a9b33bea60338f14fe89aca10708eb3b4a8f3
fair-large-returned-c16-mongo,mongo,merge,1,2,2Gi,False,m8g.2xlarge,1536MiB,auto,400,0,60,512,8,2,128,16.0,True,16,128,0,1048576,True,True,30.0,0,1,False,True,1,1,0,4,0,1,0,60.154934501,5.0,0.01,82.76960221637728,82.76960221637728,189.676885,302.464237,358.595359,495.904343,358.591506,0,0,0,True,False,True,False,,,,,,0,84.4,0,True,1.8760448957965419,0.12182566590227445,0.16647764809901883,0.07128647214853745,52.457172855877054,14.081996434937611,684.71484375,699.06640625,False,0,0,0,0,42741dd5ce9e8743129ad9ef0d57f0d414b22fed6d85d5f20cae024edd6ad3e4,f6cdfbc6595132be9e2ed7e4013a9b33bea60338f14fe89aca10708eb3b4a8f3
fair-large-returned-c64-mongo,mongo,merge,1,2,2Gi,False,m8g.2xlarge,1536MiB,auto,400,0,60,512,8,2,128,16.0,True,64,128,0,1048576,True,True,30.0,0,1,False,True,1,1,0,4,0,1,0,60.117967578,5.0,0.01,86.79601473935244,86.79601473935244,679.435212,1424.782079,1776.413324,2338.600287,1776.410024,0,0,0,True,False,True,False,,,,,,0,86.36666666666666,0,True,1.9417470787317308,0.1407106125356129,0.17003942530787433,0.0,45.184499375335584,17.352415026833633,1250.58984375,1259.44921875,False,0,0,0,0,42741dd5ce9e8743129ad9ef0d57f0d414b22fed6d85d5f20cae024edd6ad3e4,f6cdfbc6595132be9e2ed7e4013a9b33bea60338f14fe89aca10708eb3b4a8f3
fair-returned-read8-mongo,mongo,merge,1,2,2Gi,False,m8g.2xlarge,1536MiB,auto,400,0,60,512,8,2,64,16.0,True,128,4096,0,1024,False,False,30.0,0,1,False,True,1,1,0,4,0,1,0,120.024033737,5.0,0.01,4183.570443068753,4183.570443068753,31.143972,36.875758,38.967614,54.095467,38.966585,0,0,0,True,False,True,False,,,,,,0,4129.0,0,True,0.7216811125827814,0.2065315966089725,0.4791862251655629,0.0,4.719370860927152,0.0,35.47265625,52.8046875,False,0,0,0,0,42741dd5ce9e8743129ad9ef0d57f0d414b22fed6d85d5f20cae024edd6ad3e4,f6cdfbc6595132be9e2ed7e4013a9b33bea60338f14fe89aca10708eb3b4a8f3
fair-returned-read8-search,search,merge,1,2,2Gi,False,m8g.2xlarge,1536MiB,auto,400,0,60,512,8,2,64,16.0,True,128,4096,0,1024,False,False,30.0,0,1,False,True,1,1,0,4,0,1,0,120.015187826,5.0,0.01,6881.429050441255,6881.429050441255,17.404136,25.178503,27.404724,68.493956,27.393131,0,0,0,True,False,True,False,,,,,,0,6633.533333333334,0,True,0.9202160946114172,0.34673565588340277,0.47333210063116815,0.0,11.298122333096297,0.0,36.77734375,53.96484375,False,0,0,0,0,42741dd5ce9e8743129ad9ef0d57f0d414b22fed6d85d5f20cae024edd6ad3e4,f6cdfbc6595132be9e2ed7e4013a9b33bea60338f14fe89aca10708eb3b4a8f3
fair-small-mongo,mongo,merge,1,2,2Gi,False,m8g.2xlarge,1536MiB,auto,400,0,60,512,32,2,128,16.0,True,512,4096,0,1024,False,False,30.0,0,1,False,False,1,1,0,4,0,1,0,45.028995905,5.0,0.01,13024.163391013548,13024.163391013548,39.090892,54.56651,61.352214,86.730006,61.302869,0,0,0,True,False,True,False,,,,,,0,13003.733333333334,0,True,1.9130689374090553,0.43189464337699685,1.3948665793307766,0.0,10.427242540031763,12.82798833819242,118.3046875,129.34375,False,0,0,0,0,42741dd5ce9e8743129ad9ef0d57f0d414b22fed6d85d5f20cae024edd6ad3e4,f6cdfbc6595132be9e2ed7e4013a9b33bea60338f14fe89aca10708eb3b4a8f3
fair-small-search,search,merge,1,2,2Gi,False,m8g.2xlarge,1536MiB,auto,400,0,60,512,32,2,128,16.0,True,512,4096,0,1024,False,False,30.0,0,1,False,False,1,1,0,4,0,1,0,45.022653454,5.0,0.01,17654.26821882225,17654.26821882225,28.572296,38.87677,47.6027,108.21957,47.600868,0,0,0,True,False,True,False,,,,,,0,17596.266666666666,0,True,1.8756296469214817,0.581772507288642,0.9990984543598463,0.0,22.458032589675717,5.847953216374269,93.61328125,109.6640625,False,0,0,0,0,42741dd5ce9e8743129ad9ef0d57f0d414b22fed6d85d5f20cae024edd6ad3e4,f6cdfbc6595132be9e2ed7e4013a9b33bea60338f14fe89aca10708eb3b4a8f3
fixed-large-returned-mongo,mongo,merge,2,2,2Gi,True,m8g.2xlarge,1536MiB,auto,400,5,60,512,32,10,128,16.0,True,64,128,0,1048576,True,True,30.0,0,1,False,True,3,1,0,4,0,1,40,120.012633417,5.0,0.01,39.99578930429562,39.99578930429562,38.532775,44.347834,59.767813,79.565044,59.307223,0,0,0,True,False,True,False,,,,,,0,40.0,0,True,1.0530990354686807,0.061185727717186576,0.28882328798373486,0.0,76.59183087777693,0.0,131.21875,147.76171875,False,0,0,0,0,42741dd5ce9e8743129ad9ef0d57f0d414b22fed6d85d5f20cae024edd6ad3e4,f6cdfbc6595132be9e2ed7e4013a9b33bea60338f14fe89aca10708eb3b4a8f3
fixed-large-returned-shards1-search,search,merge,2,2,2Gi,True,m8g.2xlarge,1536MiB,auto,400,5,60,512,32,10,128,16.0,True,32,128,0,1048576,True,True,30.0,0,1,False,True,3,1,1,4,0,all,5,119.94022393,5.0,0.01,5.002491910888664,5.002491910888664,141.239501,171.101605,249.287911,331.760655,248.960667,0,0,0,True,False,True,False,,,,,,0,5.033333333333333,0,True,0.13996491516263537,0.022050637722780746,1.4323667497209362,0.0,53.96804984607372,0.0,407.890625,424.5390625,False,0,0,0,0,42741dd5ce9e8743129ad9ef0d57f0d414b22fed6d85d5f20cae024edd6ad3e4,f6cdfbc6595132be9e2ed7e4013a9b33bea60338f14fe89aca10708eb3b4a8f3
fixed-large-returned-shards3-search,search,merge,2,2,2Gi,True,m8g.2xlarge,1536MiB,auto,400,5,60,512,32,10,128,16.0,True,32,128,0,1048576,True,True,30.0,0,1,False,True,3,3,1,4,0,all,12,120.060284106,5.0,0.01,11.99397461635722,11.99397461635722,141.07515,207.664672,271.682861,401.098437,271.539352,0,0,0,True,False,True,False,,,,,,0,12.033333333333333,0,True,0.32543120828936956,0.044980969833662315,2.9317756181903483,0.0,122.1304370692152,0.0,159.234375,175.96875,False,0,0,0,0,42741dd5ce9e8743129ad9ef0d57f0d414b22fed6d85d5f20cae024edd6ad3e4,f6cdfbc6595132be9e2ed7e4013a9b33bea60338f14fe89aca10708eb3b4a8f3
fixed-rich-wait10-mongo,mongo,merge,2,2,2Gi,True,m8g.2xlarge,1536MiB,auto,400,5,60,512,32,10,128,16.0,True,256,4096,0,1024,True,True,30.0,32,1,False,False,3,1,0,4,0,1,4000,120.014235877,5.0,0.01,3999.525527054487,3999.525527054487,18.432303,23.731015,25.489283,124.392503,24.966875,0,0,0,True,False,True,False,,,,,,0,3999.866666666667,0,True,1.6010100973990862,0.3176769211043734,3.1967645834528207,0.0,42.30163411036212,0.0,32.75390625,50.0859375,False,0,0,0,0,42741dd5ce9e8743129ad9ef0d57f0d414b22fed6d85d5f20cae024edd6ad3e4,f6cdfbc6595132be9e2ed7e4013a9b33bea60338f14fe89aca10708eb3b4a8f3
fixed-rich-wait10-search,search,merge,2,2,2Gi,True,m8g.2xlarge,1536MiB,auto,400,5,60,512,32,10,128,16.0,True,256,4096,0,1024,True,True,30.0,32,1,False,False,3,1,1,4,0,all,6000,120.032604652,5.0,0.01,4311.1369739936545,4311.1369739936545,17686.736297,31691.053056,32671.459333,33832.887947,189.006275,0,202523,0,True,False,False,False,,,,,,0,4180.866666666667,0,True,0.9217517612675821,0.20375840066870635,2.4542819136785994,0.0,31.2282424040653,0.0,45.41015625,62.81640625,False,0,0,0,0,42741dd5ce9e8743129ad9ef0d57f0d414b22fed6d85d5f20cae024edd6ad3e4,f6cdfbc6595132be9e2ed7e4013a9b33bea60338f14fe89aca10708eb3b4a8f3
fixed-rich-wait2-mongo,mongo,merge,2,2,2Gi,True,m8g.2xlarge,1536MiB,auto,400,5,60,512,32,2,128,16.0,True,256,4096,0,1024,True,True,30.0,32,1,False,False,3,1,0,4,0,1,4000,120.008053169,5.0,0.01,3999.7315790469943,3999.7315790469943,8.100392,10.438429,12.17538,60.379756,11.739616,0,0,0,True,False,True,False,,,,,,0,3999.8,0,True,1.969623317640333,0.39986998349229325,4.472774564320771,0.0,48.6003004540191,0.0,41.640625,58.83984375,False,0,0,0,0,42741dd5ce9e8743129ad9ef0d57f0d414b22fed6d85d5f20cae024edd6ad3e4,f6cdfbc6595132be9e2ed7e4013a9b33bea60338f14fe89aca10708eb3b4a8f3
fixed-rich-wait2-search,search,merge,2,2,2Gi,True,m8g.2xlarge,1536MiB,auto,400,5,60,512,32,2,128,16.0,True,256,4096,0,1024,True,True,30.0,32,1,False,False,3,1,1,4,0,all,6000,120.00933771,5.0,0.01,5999.5331508275185,5999.5331508275185,11.489133,253.319026,1053.093485,1525.371078,77.449288,0,0,0,True,False,True,False,,,,,,0,6000.066666666667,0,True,1.7609400220869098,0.513780066131325,3.6671167327575467,0.0,48.64603613687637,0.0,50.9296875,67.98828125,False,0,0,0,0,42741dd5ce9e8743129ad9ef0d57f0d414b22fed6d85d5f20cae024edd6ad3e4,f6cdfbc6595132be9e2ed7e4013a9b33bea60338f14fe89aca10708eb3b4a8f3
full-random-16k-mongo,mongo,merge,1,2,2Gi,False,m8g.2xlarge,1536MiB,auto,400,,,512,32,2,128,16.0,True,128,1024,0,16384,True,True,30.0,0,1,False,False,1,1,0,4,0,1,0,40.022259082,5.0,0.01,2436.3442303499105,2436.3442303499105,45.691539,116.277292,280.546369,341.370358,280.54559,0,0,0,True,False,True,False,,,,,,0,2242.0,0,True,1.3124593220339005,0.10499097182288473,0.3960532911755324,,,0.0,175.375,191.5,False,0,0,0,0,7c910988883ac20f5442e1a6a3e66d10de8900691696fc13cf5cddca8ca81a8d,cf7577d759dd94361193caa12ad374dfa8c978cb90c32e84f4958d87157f9466
full-random-16k-search,search,merge,1,2,2Gi,False,m8g.2xlarge,1536MiB,auto,400,,,512,32,2,128,16.0,True,128,1024,0,16384,True,True,30.0,0,1,False,False,1,1,0,4,0,1,0,40.313351316,5.0,0.01,1276.4753690814186,1276.4753690814186,85.224519,189.893487,704.061345,1165.663776,704.060546,0,0,0,True,False,True,False,,,,,,0,1213.8666666666666,0,True,0.6573826252563706,0.07570444314527706,2.46846005856518,,,0.0,118.40234375,135.16015625,False,0,0,0,0,7c910988883ac20f5442e1a6a3e66d10de8900691696fc13cf5cddca8ca81a8d,cf7577d759dd94361193caa12ad374dfa8c978cb90c32e84f4958d87157f9466
full-random-structured-c128-mongo,mongo,merge,1,2,2Gi,False,m8g.2xlarge,1536MiB,auto,400,,,512,32,2,128,16.0,True,128,4096,0,1024,True,True,30.0,32,1,False,False,1,1,0,4,0,1,0,40.023410015,5.0,0.01,4139.427398562706,4139.427398562706,30.242253,49.354368,52.78701,120.623373,52.786043,0,0,0,True,False,True,False,,,,,,0,4119.0,0,True,1.4212682502896878,0.17277553561088155,0.48385209962353204,,,0.0,74.765625,91.46484375,False,0,0,0,0,7c910988883ac20f5442e1a6a3e66d10de8900691696fc13cf5cddca8ca81a8d,cf7577d759dd94361193caa12ad374dfa8c978cb90c32e84f4958d87157f9466
full-random-structured-c128-search,search,merge,1,2,2Gi,False,m8g.2xlarge,1536MiB,auto,400,,,512,32,2,128,16.0,True,128,4096,0,1024,True,True,30.0,32,1,False,False,1,1,0,4,0,1,0,40.137783738,5.0,0.01,4894.590126908416,4894.590126908416,25.33283,39.887052,44.708795,248.963123,44.70769,0,0,0,True,False,True,False,,,,,,0,4901.166666666667,0,True,1.0237059911894286,0.21854637723672538,1.3341679189902542,,,0.0,57.78515625,74.39453125,False,0,0,0,0,7c910988883ac20f5442e1a6a3e66d10de8900691696fc13cf5cddca8ca81a8d,cf7577d759dd94361193caa12ad374dfa8c978cb90c32e84f4958d87157f9466
full-returned-1m-mongo,mongo,merge,1,2,2Gi,False,m8g.2xlarge,1536MiB,auto,400,0,60,512,32,2,128,16.0,True,64,128,0,1048576,True,True,30.0,0,1,False,True,1,1,0,4,0,1,0,41.682912374,5.0,0.01,41.28790197187578,41.28790197187578,473.938938,5000.579022,5001.000073,5002.216527,5000.924148,189,0,189,True,False,False,False,,,,5,41,137,35.63333333333333,3,True,0.8323112171147695,0.05527155247181243,0.12242119281994163,,,0.5813953488372093,674.84375,690.16796875,False,0,0,0,0,7c910988883ac20f5442e1a6a3e66d10de8900691696fc13cf5cddca8ca81a8d,cf7577d759dd94361193caa12ad374dfa8c978cb90c32e84f4958d87157f9466
full-returned-1m-search,search,merge,1,2,2Gi,False,m8g.2xlarge,1536MiB,auto,400,0,60,512,32,2,128,16.0,True,64,128,0,1048576,True,True,30.0,0,1,False,True,1,1,0,4,0,1,0,42.856852242,5.0,0.01,21.606813182898996,21.606813182898996,1365.567855,5000.976923,5004.690693,5009.083147,5001.035544,296,0,296,True,False,False,False,,,,5,42,206,20.366666666666667,5,True,0.5247411302068173,0.08276619103087184,2.882044153577576,,,0.0,596.31640625,611.73046875,False,0,0,0,0,7c910988883ac20f5442e1a6a3e66d10de8900691696fc13cf5cddca8ca81a8d,cf7577d759dd94361193caa12ad374dfa8c978cb90c32e84f4958d87157f9466
gc200-bulk-mongo-c512,mongo,merge,1,2,2Gi,False,m8g.2xlarge,1536MiB,auto,200,,,512,32,2,1000,16.0,True,512,4096,0,1024,False,False,30.0,0,1,False,False,1,1,0,4,0,1,0,40.029951436,5.0,0.01,12318.026435489279,12318.026435489279,40.013548,65.872776,82.907117,205.417398,82.906265,0,0,0,True,False,True,False,,,,,,0,,0,True,1.795394455389813,0.37568445249373694,1.2588841238840511,,,10.355029585798816,63.3984375,79.73828125,False,0,0,0,0,7c910988883ac20f5442e1a6a3e66d10de8900691696fc13cf5cddca8ca81a8d,2abbaa4f94268e5f7616e463ae450e4fa9def4e1ac7de97888bf6456bb42fbfe
gc200-bulk-search-c512,search,merge,1,2,2Gi,True,m8g.2xlarge,1536MiB,auto,200,,,512,32,2,1000,16.0,True,512,4096,0,1024,False,False,30.0,0,1,False,False,1,1,0,4,0,1,0,40.021403092,5.0,0.01,15145.620922050206,15145.620922050206,31.925837,54.151918,73.979965,202.025747,73.977973,0,0,0,True,False,True,False,,,,,,0,,0,True,1.889835914868464,0.4903745190884883,0.9878050546851928,,,1.7699115044247788,50.23046875,65.59375,False,0,0,0,0,7c910988883ac20f5442e1a6a3e66d10de8900691696fc13cf5cddca8ca81a8d,5e2e91535b54a299785b4f718fc294f4cd945d1788f7b7b9ffeb83fb610b094d
gc400-bulk-mongo-c512,mongo,merge,1,2,2Gi,True,m8g.2xlarge,1536MiB,auto,400,,,512,32,2,1000,16.0,True,512,4096,0,1024,False,False,30.0,0,1,False,False,1,1,0,4,0,1,0,40.035014955,5.0,0.01,12895.83632178763,12895.83632178763,38.384756,61.262239,73.620101,168.851206,73.571313,0,0,0,True,False,True,True,,,,,,0,,0,True,1.8765958429561023,0.3975081911262815,1.4716103667338476,,,5.797101449275362,106.76171875,123.20703125,False,0,0,0,0,7c910988883ac20f5442e1a6a3e66d10de8900691696fc13cf5cddca8ca81a8d,5e2e91535b54a299785b4f718fc294f4cd945d1788f7b7b9ffeb83fb610b094d
gc400-bulk-search-c512,search,merge,1,2,2Gi,True,m8g.2xlarge,1536MiB,auto,400,,,512,32,2,1000,16.0,True,512,4096,0,1024,False,False,30.0,0,1,False,False,1,1,0,4,0,1,0,40.023693391,5.0,0.01,17591.87971788548,17591.87971788548,28.013146,43.072507,56.510754,106.680835,56.509871,0,0,0,True,False,True,False,,,,,,0,,0,True,1.876456076093164,0.5515572037510577,1.0460091141397128,,,3.9660056657223794,93.43359375,110.05078125,False,0,0,0,0,7c910988883ac20f5442e1a6a3e66d10de8900691696fc13cf5cddca8ca81a8d,5e2e91535b54a299785b4f718fc294f4cd945d1788f7b7b9ffeb83fb610b094d
gc800-bulk-mongo-c512,mongo,merge,1,2,2Gi,True,m8g.2xlarge,1536MiB,auto,800,,,512,32,2,1000,16.0,True,512,4096,0,1024,False,False,30.0,0,1,False,False,1,1,0,4,0,1,0,40.021155377,5.0,0.01,14063.686935021991,14063.686935021991,35.429997,55.102844,65.254525,108.378143,65.251758,0,0,0,True,False,True,False,,,,,,0,,0,True,1.8847278250660062,0.4424701348182898,1.4810899031409217,,,1.466275659824047,194.0703125,210.58203125,False,0,0,0,0,7c910988883ac20f5442e1a6a3e66d10de8900691696fc13cf5cddca8ca81a8d,5e2e91535b54a299785b4f718fc294f4cd945d1788f7b7b9ffeb83fb610b094d
gc800-bulk-search-c512,search,merge,1,2,2Gi,True,m8g.2xlarge,1536MiB,auto,800,,,512,32,2,1000,16.0,True,512,4096,0,1024,False,False,30.0,0,1,False,False,1,1,0,4,0,1,0,40.022437897,5.0,0.01,18629.0750683103,18629.0750683103,26.448955,40.631231,51.583174,108.336765,51.582374,0,0,0,True,False,True,False,,,,,,0,,0,True,1.8367061878453133,0.5780139900662287,1.082449198895033,,,0.2777777777777778,198.12109375,214.11328125,False,0,0,0,0,7c910988883ac20f5442e1a6a3e66d10de8900691696fc13cf5cddca8ca81a8d,5e2e91535b54a299785b4f718fc294f4cd945d1788f7b7b9ffeb83fb610b094d
heavy-merge-mongo,mongo,heavy-merge,1,2,2Gi,False,m8g.2xlarge,1536MiB,auto,400,0,40,512,32,2,128,16.0,True,128,4096,0,1024,False,False,30.0,0,1,False,False,1,1,0,4,0,1,0,40.014267895,5.0,0.01,5534.101000700065,5534.101000700065,22.904578,32.866019,35.147683,41.452127,35.146918,0,0,0,True,False,True,False,,,,,,0,5569.9,0,True,0.9391510294117648,0.1944647369967638,0.5850963321595944,,,0.0,70.44921875,85.47265625,False,0,0,0,0,7c910988883ac20f5442e1a6a3e66d10de8900691696fc13cf5cddca8ca81a8d,cf7577d759dd94361193caa12ad374dfa8c978cb90c32e84f4958d87157f9466
heavy-merge-search,search,heavy-merge,1,2,2Gi,False,m8g.2xlarge,1536MiB,auto,400,0,40,512,32,2,128,16.0,True,128,4096,0,1024,False,False,30.0,0,1,False,False,1,1,0,4,0,1,0,40.011418077,5.0,0.01,8505.946961066016,8505.946961066016,14.769092,18.98611,22.797568,45.842824,22.796027,0,0,0,True,False,True,False,,,,,,0,8576.666666666666,0,True,1.0890740893066846,0.29029615158637706,0.4851332843713413,,,0.0,61.89453125,78.3515625,False,0,0,0,0,7c910988883ac20f5442e1a6a3e66d10de8900691696fc13cf5cddca8ca81a8d,cf7577d759dd94361193caa12ad374dfa8c978cb90c32e84f4958d87157f9466
hot1-mongo,mongo,merge,1,2,2Gi,False,m8g.2xlarge,1536MiB,auto,400,0,40,512,32,2,128,16.0,True,128,1,1,1024,False,False,30.0,0,1,False,False,1,1,0,4,0,1,0,40.034907046,5.0,0.01,1879.060188988655,1879.060188988655,68.639013,78.206765,84.234867,87.620695,84.233677,0,0,0,True,False,True,False,,,,,,0,1870.8333333333333,0,True,1.060871233283801,0.07836307373408671,0.02288612426035306,,,0.0,51.578125,68.03515625,False,0,0,0,0,7c910988883ac20f5442e1a6a3e66d10de8900691696fc13cf5cddca8ca81a8d,cf7577d759dd94361193caa12ad374dfa8c978cb90c32e84f4958d87157f9466
hot1-search,search,merge,1,2,2Gi,False,m8g.2xlarge,1536MiB,auto,400,0,40,512,32,2,128,16.0,True,128,1,1,1024,False,False,30.0,0,1,False,False,1,1,0,4,0,1,0,40.034748863,5.0,0.01,3210.1862419518484,3210.1862419518484,40.52209,43.398674,47.661525,51.435984,47.660589,0,0,0,True,False,True,False,,,,,,0,3208.766666666667,0,True,0.9914115543735181,0.12303662138216633,0.04846982860520074,,,0.0,52.12890625,68.26171875,False,0,0,0,0,7c910988883ac20f5442e1a6a3e66d10de8900691696fc13cf5cddca8ca81a8d,cf7577d759dd94361193caa12ad374dfa8c978cb90c32e84f4958d87157f9466
hot16-mongo,mongo,merge,1,2,2Gi,False,m8g.2xlarge,1536MiB,auto,400,0,40,512,32,2,128,16.0,True,128,16,16,1024,False,False,30.0,0,1,False,False,1,1,0,4,0,1,0,40.032850973,5.0,0.01,3221.878953537202,3221.878953537202,38.871669,62.468118,72.345511,116.865152,72.344621,0,0,0,True,False,True,False,,,,,,0,3217.1,0,True,1.9643988833382457,0.13460804698972387,0.1948761119293245,,,11.470588235294118,65.09765625,81.5390625,False,0,0,0,0,7c910988883ac20f5442e1a6a3e66d10de8900691696fc13cf5cddca8ca81a8d,cf7577d759dd94361193caa12ad374dfa8c978cb90c32e84f4958d87157f9466
hot16-search,search,merge,1,2,2Gi,False,m8g.2xlarge,1536MiB,auto,400,0,40,512,32,2,128,16.0,True,128,16,16,1024,False,False,30.0,0,1,False,False,1,1,0,4,0,1,0,40.01585359,5.0,0.01,5331.112068375598,5331.112068375598,23.25646,37.004513,43.645121,83.004193,43.643942,0,0,0,True,False,True,False,,,,,,0,5339.033333333334,0,True,1.8411945225541955,0.2201776281112761,0.38757983021077447,,,0.0,61.88671875,76.4609375,False,0,0,0,0,7c910988883ac20f5442e1a6a3e66d10de8900691696fc13cf5cddca8ca81a8d,cf7577d759dd94361193caa12ad374dfa8c978cb90c32e84f4958d87157f9466
large-batch32-c128-mongo,mongo,merge,1,2,2Gi,False,m8g.2xlarge,1536MiB,auto,400,0,60,512,32,2,32,16.0,True,128,256,0,262144,True,False,30.0,0,1,False,False,1,1,0,4,0,1,0,40.257563866,5.0,0.01,514.0648865113819,514.0648865113819,252.980118,370.106664,436.388398,601.612936,436.3875,0,0,0,True,False,True,False,,,,,,0,513.7,0,True,1.967515750591008,0.026164831261100734,0.2698846814814815,0.0,14.555208333333333,14.792899408284024,656.62890625,665.7890625,False,0,0,0,0,a50e42f736370f856b007b98b777c5fa498c6be6e1a71a2721a0d6cb637897fc,35d9dac6afc795a643629d86cc362c3c283777b9959839187d191580c80831b0
large-batch32-c128-search,search,merge,1,2,2Gi,False,m8g.2xlarge,1536MiB,auto,400,0,60,512,32,2,32,16.0,True,128,256,0,262144,True,False,30.0,0,1,False,False,1,1,0,4,0,1,0,40.361989567,5.0,0.01,110.94596792773606,110.94596792773606,1149.051887,1899.45103,2995.974977,3567.374085,2995.974093,0,0,0,True,False,True,False,,,,,,0,102.9,0,True,0.5321259957173572,0.007062773722628024,3.38271621621629,0.0,121.34478228228494,0.4608294930875576,577.15625,592.07421875,False,0,0,0,0,a50e42f736370f856b007b98b777c5fa498c6be6e1a71a2721a0d6cb637897fc,35d9dac6afc795a643629d86cc362c3c283777b9959839187d191580c80831b0
large-returned-read8-mongo,mongo,merge,1,2,2Gi,False,m8g.2xlarge,1536MiB,auto,400,0,60,512,8,2,128,16.0,True,64,128,0,1048576,True,True,30.0,0,1,False,True,1,1,0,4,0,1,0,60.581781804,5.0,0.01,85.3391868982408,85.3391868982408,649.045983,1522.96964,2380.368143,3441.365504,2380.364113,0,0,0,False,False,False,True,,,,,,0,87.76666666666667,0,True,1.9348688615274818,0.13152756776034252,0.20385662801069415,0.0,106.49461975913809,8.093525179856115,1434.26953125,1445.26953125,False,0,0,0,0,a50e42f736370f856b007b98b777c5fa498c6be6e1a71a2721a0d6cb637897fc,35d9dac6afc795a643629d86cc362c3c283777b9959839187d191580c80831b0
maximum-rpc-returned-mongo,mongo,merge,1,2,2Gi,False,m8g.2xlarge,1536MiB,auto,400,0,60,512,32,2,128,16.0,True,8,8000,0,1024,False,False,30.0,0,1000,False,True,1,1,0,4,0,1,0,40.322230779,5.0,0.01,20.78258032381567,20782.58032381567,364.436938,529.014408,623.883543,853.317658,623.877143,0,0,0,True,False,True,False,,,,,,0,20.9,0,True,1.9834823750361354,0.11464566223250458,1.995705950318004,0.0,16.370820696131606,14.985590778097983,423.046875,439.14453125,False,0,0,0,0,a50e42f736370f856b007b98b777c5fa498c6be6e1a71a2721a0d6cb637897fc,35d9dac6afc795a643629d86cc362c3c283777b9959839187d191580c80831b0
maximum-rpc-returned-search,search,merge,1,2,2Gi,False,m8g.2xlarge,1536MiB,auto,400,0,60,512,32,2,128,16.0,True,8,8000,0,1024,False,False,30.0,0,1000,False,True,1,1,0,4,0,1,0,40.193728515,5.0,0.01,33.61220891701592,33612.20891701592,231.912069,334.791007,382.149844,476.810486,382.143081,0,0,0,True,False,True,False,,,,,,0,33.56666666666667,0,True,1.9078057209573724,0.21688712408759125,1.4411012255616975,0.0,37.81220364020962,9.329446064139942,417.79296875,434.12109375,False,0,0,0,0,a50e42f736370f856b007b98b777c5fa498c6be6e1a71a2721a0d6cb637897fc,35d9dac6afc795a643629d86cc362c3c283777b9959839187d191580c80831b0
memory1024-mongo,mongo,merge,1,2,1Gi,False,m8g.2xlarge,768MiB,auto,400,,,256,8,2,64,16.0,True,512,4096,0,1024,False,False,30.0,0,1,False,False,1,1,0,4,0,1,0,40.024814453,5.0,0.01,14000.864405206441,14000.864405206441,36.364643,50.108925,55.832597,76.616358,55.812977,0,0,0,True,False,True,False,,,,,,0,14030.7,0,True,1.9811859200470323,0.44001830488523225,1.545884230655837,,,25.58823529411765,93.82421875,110.25390625,False,0,0,0,0,7c910988883ac20f5442e1a6a3e66d10de8900691696fc13cf5cddca8ca81a8d,65849e6a851c66b8b192de82764fb7749af1a4e20c456234d890033fe7da5b58
memory1024-search,search,merge,1,2,1Gi,False,m8g.2xlarge,768MiB,auto,400,,,256,8,2,64,16.0,True,512,4096,0,1024,False,False,30.0,0,1,False,False,1,1,0,4,0,1,0,40.018916307,5.0,0.01,19165.76136435358,19165.76136435358,26.105329,37.27131,43.979051,102.102561,43.977236,0,0,0,True,False,True,False,,,,,,0,19125.333333333332,0,True,1.9565837492572806,0.6091154302670492,1.1412206712206687,,,19.287833827893174,101.6171875,117.8828125,False,0,0,0,0,7c910988883ac20f5442e1a6a3e66d10de8900691696fc13cf5cddca8ca81a8d,65849e6a851c66b8b192de82764fb7749af1a4e20c456234d890033fe7da5b58
memory512-mongo,mongo,merge,1,2,512Mi,False,m8g.2xlarge,384MiB,auto,400,,,128,8,2,64,16.0,True,128,4096,0,1024,False,False,30.0,0,1,False,False,1,1,0,4,0,1,0,40.007566115,5.0,0.01,7840.167009869602,7840.167009869602,16.36235,20.066157,22.325191,33.179737,22.323854,0,0,0,True,False,True,False,,,,,,0,7847.033333333334,0,True,1.1799104923798338,0.2590070612364412,0.8436892501464701,,,0.0,53.0703125,69.97265625,False,0,0,0,0,7c910988883ac20f5442e1a6a3e66d10de8900691696fc13cf5cddca8ca81a8d,65849e6a851c66b8b192de82764fb7749af1a4e20c456234d890033fe7da5b58
memory512-search,search,merge,1,2,512Mi,False,m8g.2xlarge,384MiB,auto,400,,,128,8,2,64,16.0,True,128,4096,0,1024,False,False,30.0,0,1,False,False,1,1,0,4,0,1,0,40.010511032,5.0,0.01,10472.773008694423,10472.773008694423,11.805841,15.294724,18.016708,52.665414,18.01575,0,0,0,True,False,True,False,,,,,,0,10481.433333333332,0,True,1.1364786046511637,0.34161105615363246,0.5897542151162853,,,0.0,39.484375,51.8671875,False,0,0,0,0,7c910988883ac20f5442e1a6a3e66d10de8900691696fc13cf5cddca8ca81a8d,65849e6a851c66b8b192de82764fb7749af1a4e20c456234d890033fe7da5b58
mixed-mongo,mongo,mixed,1,2,2Gi,False,m8g.2xlarge,1536MiB,auto,400,,,512,32,2,128,16.0,True,128,4096,0,1024,False,False,30.0,0,1,False,False,1,1,0,4,0,1,0,40.015998949,5.0,0.01,7445.247096785153,7445.247096785153,15.880685,29.195015,50.922152,87.64433,50.921136,0,0,0,True,False,True,False,,,,,,0,7457.433333333333,0,True,1.0080511974298996,0.2803464077102822,0.6843338196675568,,,0.0,62.10546875,78.66015625,False,0,0,0,0,7c910988883ac20f5442e1a6a3e66d10de8900691696fc13cf5cddca8ca81a8d,cf7577d759dd94361193caa12ad374dfa8c978cb90c32e84f4958d87157f9466
mixed-search,search,mixed,1,2,2Gi,False,m8g.2xlarge,1536MiB,auto,400,0,40,512,32,2,128,16.0,True,128,4096,0,1024,False,False,30.0,0,1,False,False,1,1,0,4,0,1,0,40.012953479,5.0,0.01,7590.541901871888,7590.541901871888,11.266105,51.201179,64.523635,109.488252,64.522759,0,0,0,True,False,True,False,,,,,,0,7627.833333333333,0,True,0.8002642307692265,0.3016875702870756,0.4919594906721879,,,0.0,55.46875,71.96875,False,0,0,0,0,7c910988883ac20f5442e1a6a3e66d10de8900691696fc13cf5cddca8ca81a8d,cf7577d759dd94361193caa12ad374dfa8c978cb90c32e84f4958d87157f9466
oplog-delta-1m,mongo,merge,1,2,2Gi,False,m8g.2xlarge,1536MiB,auto,400,0,60,512,32,2,128,16.0,True,16,32,0,1048576,True,False,30.0,0,1,False,False,1,1,0,4,0,1,0,90.252669328,5.0,0.01,54.424983067798316,54.424983067798316,292.855979,307.973929,322.993411,424.878968,322.991981,0,0,0,True,False,True,False,,,,,,0,54.93333333333333,0,True,0.8191916857070255,0.004368469154607833,0.08785179682539683,0.000248015873015873,4.475744047619048,0.0,485.1171875,501.1875,False,0,0,0,0,a50e42f736370f856b007b98b777c5fa498c6be6e1a71a2721a0d6cb637897fc,35d9dac6afc795a643629d86cc362c3c283777b9959839187d191580c80831b0
oplog-delta-full-returned-1m,mongo,merge,1,2,2Gi,False,m8g.2xlarge,1536MiB,auto,400,0,60,512,32,2,128,16.0,True,64,128,0,1048576,True,True,30.0,0,1,False,True,1,1,0,4,0,1,0,91.395494657,5.0,0.01,68.59200252186453,68.59200252186453,216.511875,4465.452686,5000.81403,5001.297711,5000.729437,236,0,236,True,False,False,False,,,,5,90,70,70.96666666666667,0,True,1.5468868626955947,0.09669801942727334,0.1623176069670663,0.00034511864192858017,83.79845465733108,6.0606060606060606,740.98046875,755.40234375,False,0,0,0,0,a50e42f736370f856b007b98b777c5fa498c6be6e1a71a2721a0d6cb637897fc,35d9dac6afc795a643629d86cc362c3c283777b9959839187d191580c80831b0
oplog-delta-size16384,mongo,merge,1,2,2Gi,False,m8g.2xlarge,1536MiB,auto,400,0,60,512,32,2,128,16.0,True,128,1024,0,16384,True,True,30.0,0,1,False,False,1,1,0,4,0,1,0,60.021221355,5.0,0.01,2888.861574049854,2888.861574049854,42.289995,62.795888,173.71426,389.967614,173.713285,0,0,0,True,False,True,False,,,,,,0,3069.133333333333,0,True,1.6864936483849948,0.13156933246640826,0.4501401777969546,0.0,9.661108250214753,3.036876355748373,206.11328125,220.78125,False,0,0,0,0,a50e42f736370f856b007b98b777c5fa498c6be6e1a71a2721a0d6cb637897fc,35d9dac6afc795a643629d86cc362c3c283777b9959839187d191580c80831b0
oplog-delta-size262144,mongo,merge,1,2,2Gi,False,m8g.2xlarge,1536MiB,auto,400,0,60,512,32,2,128,16.0,True,32,128,0,262144,True,False,30.0,0,1,False,False,1,1,0,4,0,1,0,60.092158237,5.0,0.01,201.29082321014457,201.29082321014457,156.162532,166.024099,276.694968,342.478301,276.693464,0,0,0,True,False,True,False,,,,,,0,200.53333333333333,0,True,0.7887596497435025,0.011853891050583475,0.10469982322784636,0.0,6.501071681102255,0.0,302.515625,317.93359375,False,0,0,0,0,a50e42f736370f856b007b98b777c5fa498c6be6e1a71a2721a0d6cb637897fc,35d9dac6afc795a643629d86cc362c3c283777b9959839187d191580c80831b0
oplog-replace-1m,mongo,merge,1,2,2Gi,False,m8g.2xlarge,1536MiB,auto,400,0,60,512,32,2,128,16.0,True,16,32,0,1048576,True,False,30.0,0,1,False,False,1,1,0,4,0,1,0,90.017689291,5.0,0.01,40.34762532349438,40.34762532349438,307.290983,704.028371,814.181181,921.609769,814.180071,0,0,0,True,False,True,False,,,,,,0,37.333333333333336,0,True,0.5803319095159856,0.0034466843501326228,0.10082833333333704,0.0,101.44289575442292,0.0,633.1796875,648.359375,False,0,0,0,0,7c910988883ac20f5442e1a6a3e66d10de8900691696fc13cf5cddca8ca81a8d,35d9dac6afc795a643629d86cc362c3c283777b9959839187d191580c80831b0
oplog-replace-full-returned-1m,mongo,merge,1,2,2Gi,False,m8g.2xlarge,1536MiB,auto,400,0,60,512,32,2,128,16.0,True,64,128,0,1048576,True,True,30.0,0,1,False,True,1,1,0,4,0,1,0,91.723998333,5.0,0.01,38.09253917731742,38.09253917731742,567.04875,5000.594061,5000.999907,5020.690825,5000.937553,447,0,447,True,False,False,False,,,,5,90,121,34.833333333333336,0,True,0.8283157348342733,0.05499716001501293,0.12347039029271593,0.00043978296222165343,124.85746145546297,0.2506265664160401,659.77734375,675.13671875,False,0,0,0,0,7c910988883ac20f5442e1a6a3e66d10de8900691696fc13cf5cddca8ca81a8d,35d9dac6afc795a643629d86cc362c3c283777b9959839187d191580c80831b0
overload-bounded-mongo,mongo,merge,2,2,2Gi,True,m8g.2xlarge,1536MiB,auto,400,40,90,512,32,2,32,16.0,True,512,51200,0,1024,False,False,30.0,0,100,False,False,3,1,0,4,0,1,4000,45.819158328,5.0,0.1,238.89570213494997,23889.570213494997,10532.470171,18908.159562,19618.548771,20518.324162,1188.138127,90366,78688,90366,True,False,False,False,,,,0,45,60120,234.93333333333334,0,True,3.8547698562171115,0.5706555179226597,7.49493455623012,0.0,49.353520816112905,29.943502824858758,229.0078125,245.56640625,False,0,0,0,0,42741dd5ce9e8743129ad9ef0d57f0d414b22fed6d85d5f20cae024edd6ad3e4,21518af022cb9139aaba0c610629dc5a4dd844e61ae0985ed4eee0bcfbaa66b7
overload-bounded-search,search,merge,2,2,2Gi,True,m8g.2xlarge,1536MiB,auto,400,40,90,512,32,2,32,16.0,True,512,51200,0,1024,False,False,30.0,0,100,False,False,3,3,1,4,0,all,4000,45.540326423,5.0,0.1,341.4116942329937,34141.16942329937,8342.107883,15644.189043,16284.646432,16934.220725,818.130324,99118,65334,99118,True,False,False,False,,,,0,45,64196,340.1666666666667,0,True,3.91513061466532,0.7499644943820531,4.495153464608761,0.0,94.34634610307651,31.267605633802816,230.3984375,246.33984375,False,0,0,0,0,42741dd5ce9e8743129ad9ef0d57f0d414b22fed6d85d5f20cae024edd6ad3e4,21518af022cb9139aaba0c610629dc5a4dd844e61ae0985ed4eee0bcfbaa66b7
overload-recovery-mongo,mongo,merge,2,2,2Gi,True,m8g.2xlarge,1536MiB,auto,400,40,90,512,32,2,32,16.0,True,128,4096,0,1024,True,True,30.0,32,1,False,False,3,1,0,4,0,1,2000,120.00893151,5.0,0.01,1999.851152578602,1999.851152578602,7.558032,9.25639,10.11484,17.944917,9.581585,0,0,0,True,False,True,False,,,,,,0,2000.0666666666666,0,True,1.3014853035716336,0.23869949476047675,3.128073631677775,0.0,32.01086446195451,0.0,43.01171875,60.40234375,False,0,0,0,0,42741dd5ce9e8743129ad9ef0d57f0d414b22fed6d85d5f20cae024edd6ad3e4,21518af022cb9139aaba0c610629dc5a4dd844e61ae0985ed4eee0bcfbaa66b7
overload-recovery-search,search,merge,2,2,2Gi,True,m8g.2xlarge,1536MiB,auto,400,40,90,512,32,2,32,16.0,True,128,4096,0,1024,True,True,30.0,32,1,False,False,3,3,1,4,0,all,2000,120.015533108,5.0,0.01,1999.7411483730857,1999.7411483730857,9.272928,11.540693,18.757872,52.954482,18.34937,0,0,0,True,False,True,False,,,,,,0,1999.8666666666666,0,True,0.7710554085748111,0.2435814375764398,2.153341760135136,0.0,36.066699641270574,0.0,58.05078125,74.9296875,False,0,0,0,0,42741dd5ce9e8743129ad9ef0d57f0d414b22fed6d85d5f20cae024edd6ad3e4,21518af022cb9139aaba0c610629dc5a4dd844e61ae0985ed4eee0bcfbaa66b7
pipeline-execution1024-mongo,mongo,merge,1,2,2Gi,False,m8g.2xlarge,1536MiB,auto,400,,,1024,32,2,64,16.0,True,512,4096,0,1024,False,False,30.0,0,1,False,False,1,1,0,4,0,1,0,40.034054924,5.0,0.01,3999.17021405743,3999.17021405743,0.007608,36.41116,46.634532,70.378798,46.633511,1361353,0,1361353,True,False,False,True,,,,1,29,887366,4777.966666666666,0,True,0,0.5229970899470833,0.45792422634845853,,,0,0.0,0.0,True,0,4,0,0,7c910988883ac20f5442e1a6a3e66d10de8900691696fc13cf5cddca8ca81a8d,843c38f89484f9af0e257af747e82bf22699337101470d48dbd15e7520d64b7c
pipeline-execution1024-search,search,merge,1,2,2Gi,True,m8g.2xlarge,1536MiB,auto,400,,,1024,32,2,64,16.0,True,512,4096,0,1024,False,False,30.0,0,1,False,False,1,1,0,4,0,1,0,40.016070505,5.0,0.01,18970.828230251787,18970.828230251787,26.387541,37.825583,44.727738,93.046623,44.678794,0,0,0,True,False,True,False,,,,,,0,18992.333333333332,0,True,1.9547778969317482,0.6025512660113248,1.1328431039618498,,,29.253731343283583,113.765625,127.953125,False,0,0,0,0,7c910988883ac20f5442e1a6a3e66d10de8900691696fc13cf5cddca8ca81a8d,843c38f89484f9af0e257af747e82bf22699337101470d48dbd15e7520d64b7c
pipeline-read8-mongo,mongo,merge,1,2,2Gi,False,m8g.2xlarge,1536MiB,auto,400,,,512,8,2,64,16.0,True,512,4096,0,1024,False,False,30.0,0,1,False,False,1,1,0,4,0,1,0,40.026636156,5.0,0.01,14670.930570116729,14670.930570116729,34.802594,47.406468,53.016955,73.319455,53.007677,0,0,0,True,False,True,False,,,,,,0,14697.0,0,True,1.9891476460071513,0.46392346119535977,1.7581288221299283,,,18.154761904761905,107.83984375,124.02734375,False,0,0,0,0,7c910988883ac20f5442e1a6a3e66d10de8900691696fc13cf5cddca8ca81a8d,843c38f89484f9af0e257af747e82bf22699337101470d48dbd15e7520d64b7c
pipeline-read8-search,search,merge,1,2,2Gi,False,m8g.2xlarge,1536MiB,auto,400,,,512,8,2,64,16.0,True,512,4096,0,1024,False,False,30.0,0,1,False,False,1,1,0,4,0,1,0,40.013581688,5.0,0.01,20366.83460017282,20366.83460017282,24.573214,35.062425,42.460472,95.004577,42.424555,0,0,0,True,False,True,False,,,,,,0,20427.466666666667,0,True,1.9529654967281376,0.6442097502972589,1.177371738484411,,,10.714285714285714,99.1640625,115.4375,False,0,0,0,0,7c910988883ac20f5442e1a6a3e66d10de8900691696fc13cf5cddca8ca81a8d,843c38f89484f9af0e257af747e82bf22699337101470d48dbd15e7520d64b7c
pipeline32-execution1024-mongo,mongo,merge,1,2,2Gi,False,m8g.2xlarge,1536MiB,auto,400,,,1024,32,2,32,16.0,True,512,4096,0,1024,False,False,30.0,0,1,False,False,1,1,0,4,0,1,0,40.026059388,5.0,0.01,13590.94570681348,13590.94570681348,36.742058,54.416582,65.146317,139.066096,65.144163,0,0,0,True,False,True,False,,,,,,0,13613.5,0,True,1.9812250373022984,0.43168072217248304,1.6298991649269878,,,14.029850746268657,96.81640625,113.171875,False,0,0,0,0,7c910988883ac20f5442e1a6a3e66d10de8900691696fc13cf5cddca8ca81a8d,843c38f89484f9af0e257af747e82bf22699337101470d48dbd15e7520d64b7c
pipeline32-execution1024-search,search,merge,1,2,2Gi,False,m8g.2xlarge,1536MiB,auto,400,,,1024,32,2,32,16.0,True,512,4096,0,1024,False,False,30.0,0,1,False,False,1,1,0,4,0,1,0,40.03117195,5.0,0.01,15318.537283043495,15318.537283043495,28.962135,63.184741,90.830082,225.087605,90.829229,0,0,0,True,False,True,False,,,,,,0,14383.733333333334,0,True,1.9414392021595677,0.4996712357528472,1.0728158968206312,,,15.269461077844312,94.83984375,107.4609375,False,0,0,0,0,7c910988883ac20f5442e1a6a3e66d10de8900691696fc13cf5cddca8ca81a8d,843c38f89484f9af0e257af747e82bf22699337101470d48dbd15e7520d64b7c
pipeline32-read8-mongo,mongo,merge,1,2,2Gi,True,m8g.2xlarge,1536MiB,auto,400,,,512,8,2,32,16.0,True,512,4096,0,1024,False,False,30.0,0,1,False,False,1,1,0,4,0,1,0,40.020395034,5.0,0.01,13869.478287968865,13869.478287968865,36.502584,53.534752,61.451807,81.13381,61.311442,0,0,0,True,False,True,False,,,,,,0,13865.233333333334,0,True,1.9764991100563611,0.4354763954869321,1.610379815969019,,,41.246290801186944,102.66796875,119.2578125,False,0,0,0,0,7c910988883ac20f5442e1a6a3e66d10de8900691696fc13cf5cddca8ca81a8d,65849e6a851c66b8b192de82764fb7749af1a4e20c456234d890033fe7da5b58
pipeline32-read8-search,search,merge,1,2,2Gi,True,m8g.2xlarge,1536MiB,auto,400,,,512,8,2,32,16.0,True,512,4096,0,1024,False,False,30.0,0,1,False,False,1,1,0,4,0,1,0,40.04504773,5.0,0.01,14093.328188923599,14093.328188923599,32.46035,64.835093,78.172277,121.884096,78.17096,0,0,0,True,False,True,False,,,,,,0,12784.033333333333,0,True,1.9743105763517612,0.44129637120761595,1.0539117349970337,,,40.17857142857143,103.75390625,117.2890625,False,0,0,0,0,7c910988883ac20f5442e1a6a3e66d10de8900691696fc13cf5cddca8ca81a8d,65849e6a851c66b8b192de82764fb7749af1a4e20c456234d890033fe7da5b58
random-100k-keys-mongo,mongo,merge,1,2,2Gi,False,m8g.2xlarge,1536MiB,auto,400,0,40,512,32,2,128,16.0,True,128,100096,0,1024,True,False,30.0,0,1,False,False,1,1,0,4,0,1,0,40.017136398,5.0,0.01,5416.004729684556,5416.004729684556,22.823532,30.982573,91.36554,229.609304,91.364813,0,0,0,True,False,True,False,,,,,,0,5402.033333333334,0,True,0.7751827647319395,0.17767208684092728,0.5803413563830386,,,0.0,57.90234375,74.02734375,False,0,0,0,0,7c910988883ac20f5442e1a6a3e66d10de8900691696fc13cf5cddca8ca81a8d,cf7577d759dd94361193caa12ad374dfa8c978cb90c32e84f4958d87157f9466
random-100k-keys-search,search,merge,1,2,2Gi,False,m8g.2xlarge,1536MiB,auto,400,0,40,512,32,2,128,16.0,True,128,100096,0,1024,True,False,30.0,0,1,False,False,1,1,0,4,0,1,0,40.006957784,5.0,0.01,5525.513866700662,5525.513866700662,20.827362,31.613876,47.330149,1415.367641,47.328684,0,0,0,True,False,True,False,,,,,,0,5380.5,0,True,0.6407191644756058,0.18317518269512306,1.4436641834648154,,,0.0,54.42578125,71.19921875,False,0,0,0,0,7c910988883ac20f5442e1a6a3e66d10de8900691696fc13cf5cddca8ca81a8d,cf7577d759dd94361193caa12ad374dfa8c978cb90c32e84f4958d87157f9466
random-1m-mongo,mongo,merge,1,2,2Gi,False,m8g.2xlarge,1536MiB,auto,400,0,60,512,32,2,128,16.0,True,16,32,0,1048576,True,False,30.0,0,1,False,False,1,1,0,4,0,1,0,40.076794551,5.0,0.01,41.91952023164189,41.91952023164189,306.896547,621.319687,717.756558,896.027595,717.751554,0,0,0,True,False,True,False,,,,,,0,41.06666666666667,0,True,0.5987804821376735,0.006665415939499511,0.10726151162792512,,,0.0,439.29296875,452.33984375,False,0,0,0,0,7c910988883ac20f5442e1a6a3e66d10de8900691696fc13cf5cddca8ca81a8d,cf7577d759dd94361193caa12ad374dfa8c978cb90c32e84f4958d87157f9466
random-1m-search,search,merge,1,2,2Gi,False,m8g.2xlarge,1536MiB,auto,400,0,60,512,32,2,128,16.0,True,16,32,0,1048576,True,False,30.0,0,1,False,False,1,1,0,4,0,1,0,40.296598233,5.0,0.01,11.514619604292493,11.514619604292493,1370.948065,1421.307173,1736.169143,1736.193337,1735.757995,0,0,0,True,False,True,False,,,,,,0,11.733333333333333,0,True,0.22319428406466302,0.0015440300664931995,1.2872675816238541,,,0.0,319.12109375,335.015625,False,0,0,0,0,7c910988883ac20f5442e1a6a3e66d10de8900691696fc13cf5cddca8ca81a8d,cf7577d759dd94361193caa12ad374dfa8c978cb90c32e84f4958d87157f9466
random-256k-mongo,mongo,merge,1,2,2Gi,False,m8g.2xlarge,1536MiB,auto,400,,,512,32,2,128,16.0,True,32,128,0,262144,True,False,30.0,0,1,False,False,1,1,0,4,0,1,0,40.016402281,5.0,0.01,153.53704105771658,153.53704105771658,167.984778,387.864638,572.067813,621.05997,572.066831,0,0,0,True,False,True,False,,,,,,0,142.93333333333334,0,True,0.6072484944991321,0.010967130434782608,0.13680625543006542,,,0.0,300.36328125,317.15234375,False,0,0,0,0,7c910988883ac20f5442e1a6a3e66d10de8900691696fc13cf5cddca8ca81a8d,cf7577d759dd94361193caa12ad374dfa8c978cb90c32e84f4958d87157f9466
random-256k-search,search,merge,1,2,2Gi,False,m8g.2xlarge,1536MiB,auto,400,,,512,32,2,128,16.0,True,32,128,0,262144,True,False,30.0,0,1,False,False,1,1,0,4,0,1,0,40.691047977,5.0,0.01,44.82558426686353,44.82558426686353,695.336944,862.752777,1117.365495,1117.486424,1116.981698,0,0,0,True,False,True,False,,,,,,0,45.86666666666667,0,True,0.22947763700648166,0.0029379310344827335,1.2347078986147846,,,0.0,198.90234375,215.65625,False,0,0,0,0,7c910988883ac20f5442e1a6a3e66d10de8900691696fc13cf5cddca8ca81a8d,cf7577d759dd94361193caa12ad374dfa8c978cb90c32e84f4958d87157f9466
random-structured-c128-mongo,mongo,merge,1,2,2Gi,False,m8g.2xlarge,1536MiB,auto,400,,,512,32,2,128,16.0,True,128,4096,0,1024,True,False,30.0,32,1,False,False,1,1,0,4,0,1,0,40.027102577,5.0,0.01,4514.541107550323,4514.541107550323,27.887018,43.707945,46.852163,116.542072,46.850854,0,0,0,True,False,True,False,,,,,,0,4488.6,0,True,1.2249584369449387,0.15826261461105567,0.5223237418591062,,,0.0,49.62109375,66.21484375,False,0,0,0,0,7c910988883ac20f5442e1a6a3e66d10de8900691696fc13cf5cddca8ca81a8d,cf7577d759dd94361193caa12ad374dfa8c978cb90c32e84f4958d87157f9466
random-structured-c128-search,search,merge,1,2,2Gi,False,m8g.2xlarge,1536MiB,auto,400,,,512,32,2,128,16.0,True,128,4096,0,1024,True,False,30.0,32,1,False,False,1,1,0,4,0,1,0,40.024543791,5.0,0.01,5221.62104061245,5221.62104061245,23.40942,35.376189,41.951887,241.687094,41.951104,0,0,0,True,False,True,False,,,,,,0,5181.1,0,True,0.922407769571636,0.1892200236616414,1.4397883136094984,,,0.0,40.8203125,57.5546875,False,0,0,0,0,7c910988883ac20f5442e1a6a3e66d10de8900691696fc13cf5cddca8ca81a8d,cf7577d759dd94361193caa12ad374dfa8c978cb90c32e84f4958d87157f9466
random-structured-c512-mongo,mongo,merge,1,2,2Gi,False,m8g.2xlarge,1536MiB,auto,400,,,512,32,2,128,16.0,True,512,4096,0,1024,True,False,30.0,32,1,False,False,1,1,0,4,0,1,0,40.064660449,5.0,0.01,7289.86585002469,7289.86585002469,66.763489,111.70536,162.169394,363.564245,162.167824,0,0,0,True,False,True,False,,,,,,0,7261.3,0,True,1.948521392741216,0.2494128250591006,0.8727362481534688,,,8.284023668639053,116.76171875,133.40625,False,0,0,0,0,7c910988883ac20f5442e1a6a3e66d10de8900691696fc13cf5cddca8ca81a8d,cf7577d759dd94361193caa12ad374dfa8c978cb90c32e84f4958d87157f9466
random-structured-c512-search,search,merge,1,2,2Gi,False,m8g.2xlarge,1536MiB,auto,400,,,512,32,2,128,16.0,True,512,4096,0,1024,True,False,30.0,32,1,False,False,1,1,0,4,0,1,0,40.075798684,5.0,0.01,9833.091614898482,9833.091614898482,45.76407,92.17766,213.479851,536.039402,213.444821,0,0,0,True,False,True,False,,,,,,0,9780.466666666667,0,True,1.6237669135071093,0.3406854728728179,2.568081166715987,,,0.0,97.0625,114.125,False,0,0,0,0,7c910988883ac20f5442e1a6a3e66d10de8900691696fc13cf5cddca8ca81a8d,cf7577d759dd94361193caa12ad374dfa8c978cb90c32e84f4958d87157f9466
read-mongo,mongo,read,1,2,2Gi,False,m8g.2xlarge,1536MiB,auto,400,,,512,32,2,128,16.0,True,128,4096,0,1024,False,False,30.0,0,1,False,False,1,1,0,4,0,1,0,40.005697761,5.0,0.01,19934.6354302924,19934.6354302924,6.21824,7.611198,8.566435,10.537632,8.564246,0,0,0,True,False,True,False,,,,,,0,20105.166666666668,0,True,1.2262939393939472,0.9658890297847286,0.34987309958748336,,,0.0,49.05078125,65.49609375,False,0,0,0,0,7c910988883ac20f5442e1a6a3e66d10de8900691696fc13cf5cddca8ca81a8d,cf7577d759dd94361193caa12ad374dfa8c978cb90c32e84f4958d87157f9466
read-search,search,read,1,2,2Gi,False,m8g.2xlarge,1536MiB,auto,400,,,512,32,2,128,16.0,True,128,4096,0,1024,False,False,30.0,0,1,False,False,1,1,0,4,0,1,0,40.008657705,5.0,0.01,15136.898729904542,15136.898729904542,8.279743,10.086074,10.792723,15.808186,10.79061,0,0,0,True,False,True,False,,,,,,0,15202.4,0,True,1.0682265767087076,0.8370252435530173,0.48037884837963674,,,0.0,51.2890625,68.125,False,0,0,0,0,7c910988883ac20f5442e1a6a3e66d10de8900691696fc13cf5cddca8ca81a8d,cf7577d759dd94361193caa12ad374dfa8c978cb90c32e84f4958d87157f9466
recovery-mongo-stepdown-invalid-shell-argument,mongo,merge,2,2,2Gi,True,m8g.2xlarge,1536MiB,auto,400,5,60,512,32,2,32,16.0,True,64,4096,0,16384,True,True,30.0,0,1,False,False,3,1,0,4,0,1,400,180.003150252,5.0,0.1,399.9929995625174,399.9929995625174,5.957827,7.443604,8.619514,13.29186,7.847103,0,0,0,True,False,False,True,mongo-stepdown,False,26.143363325,,,0,400.0,0,True,0.5756528795977385,0.06711499257499316,1.1306466468313785,0.0,27.97117190643004,0.0,25.02734375,41.99609375,False,0,0,0,0,42741dd5ce9e8743129ad9ef0d57f0d414b22fed6d85d5f20cae024edd6ad3e4,21518af022cb9139aaba0c610629dc5a4dd844e61ae0985ed4eee0bcfbaa66b7
recovery-mongo-stepdown,mongo,merge,2,2,2Gi,True,m8g.2xlarge,1536MiB,auto,400,40,90,512,32,2,32,16.0,True,64,4096,0,16384,True,True,30.0,0,1,False,False,3,1,0,4,0,1,400,180.003213686,5.0,0.1,399.55953300623673,399.55953300623673,5.885394,2242.40469,8354.270801,9943.269993,25.351065,78,0,78,True,False,False,False,mongo-stepdown,True,25.618993974,34,39,0,400.0,0,True,0.5509852666056321,0.06104893831553895,1.0481713700175406,0.0,24.219212756110487,0.0,25.1484375,42.28515625,False,0,0,0,0,42741dd5ce9e8743129ad9ef0d57f0d414b22fed6d85d5f20cae024edd6ad3e4,21518af022cb9139aaba0c610629dc5a4dd844e61ae0985ed4eee0bcfbaa66b7
recovery-search-primary-all,search,merge,2,2,2Gi,True,m8g.2xlarge,1536MiB,auto,400,40,90,512,32,2,32,16.0,True,256,4096,0,1024,True,True,30.0,32,1,False,False,3,3,1,4,0,all,3000,180.009916768,5.0,0.1,2994.3850298797556,2994.3850298797556,10.002548,16169.088956,21328.813545,22188.300134,61.019846,981,0,981,True,False,False,False,search-terminate,True,27.560112727,32,53,0,2999.8,0,True,1.0159699870865233,0.296513038900262,1.9258748271414126,0.0,29.262005089229092,0.0,41.2109375,58.1328125,True,0,1,0,0,42741dd5ce9e8743129ad9ef0d57f0d414b22fed6d85d5f20cae024edd6ad3e4,21518af022cb9139aaba0c610629dc5a4dd844e61ae0985ed4eee0bcfbaa66b7
recovery-sink-crash-dns30,mongo,merge,2,2,2Gi,True,m8g.2xlarge,1536MiB,auto,400,5,60,512,32,2,32,16.0,True,256,4096,0,1024,True,True,30.0,32,1,False,False,3,1,0,4,0,1,3500,180.006849219,5.0,0.1,3499.6335013540524,3499.6335013540524,8.256136,10.522473,12.279835,50.83977,11.830715,42,0,42,True,False,False,False,sink-crash,True,26.463453118,29,29,0,3500.0666666666666,0,True,0.9943065671286623,0.36454512805240896,4.557198435614569,0.0,44.79477504905347,0,24.80859375,42.3828125,False,0,0,0,0,42741dd5ce9e8743129ad9ef0d57f0d414b22fed6d85d5f20cae024edd6ad3e4,21518af022cb9139aaba0c610629dc5a4dd844e61ae0985ed4eee0bcfbaa66b7
recovery-sink-rollout-drain40-dns30,mongo,merge,2,2,2Gi,True,m8g.2xlarge,1536MiB,auto,400,40,90,512,32,2,32,16.0,True,256,4096,0,1024,True,True,30.0,32,1,False,False,3,1,0,4,0,1,3500,180.007920013,5.0,0.1,3499.8460065229465,3499.8460065229465,8.13449,10.32415,11.652182,236.380665,11.181508,0,0,0,True,False,False,False,sink-rollout,True,2.838940688,,,0,3500.2,0,True,0,0.3598407506865988,4.537715498138629,0.0,48.50279379640318,0,0.0,0.0,True,0,21,0,0,42741dd5ce9e8743129ad9ef0d57f0d414b22fed6d85d5f20cae024edd6ad3e4,21518af022cb9139aaba0c610629dc5a4dd844e61ae0985ed4eee0bcfbaa66b7
recovery-sink-rollout-fresh-dns30,mongo,merge,2,2,2Gi,True,m8g.2xlarge,1536MiB,auto,400,5,60,512,32,2,32,16.0,True,256,4096,0,1024,True,True,30.0,32,1,False,False,3,1,0,4,0,1,3500,180.007171514,5.0,0.1,3412.6695888459235,3412.6695888459235,8.389758,13.169443,1224.521268,1615.044571,24.648102,15695,0,15695,True,False,False,False,sink-rollout,True,2.562029589,23,29,0,3500.1,0,True,0,0.3509649818181818,4.425246642258289,0.0,46.74714928260549,0,0.0,0.0,True,0,27,0,0,42741dd5ce9e8743129ad9ef0d57f0d414b22fed6d85d5f20cae024edd6ad3e4,21518af022cb9139aaba0c610629dc5a4dd844e61ae0985ed4eee0bcfbaa66b7
recovery-sink-terminate-dns30,mongo,merge,2,2,2Gi,True,m8g.2xlarge,1536MiB,auto,400,5,60,512,32,2,32,16.0,True,256,4096,0,1024,True,True,30.0,32,1,False,False,3,1,0,4,0,1,3500,180.006770042,5.0,0.1,3499.8683652454047,3499.8683652454047,7.888037,10.002051,11.394458,61.480976,10.920793,0,0,0,True,False,False,False,sink-terminate,True,25.768703467,,,0,3499.9,0,True,0.824411474112593,0.35441907876191214,4.149163594014085,0.0,46.211709223580215,0,37.234375,54.6015625,True,0,13,0,0,42741dd5ce9e8743129ad9ef0d57f0d414b22fed6d85d5f20cae024edd6ad3e4,21518af022cb9139aaba0c610629dc5a4dd844e61ae0985ed4eee0bcfbaa66b7
repeat-pipeline-execution1024-mongo,mongo,merge,1,2,2Gi,False,m8g.2xlarge,1536MiB,auto,400,,,1024,32,2,64,16.0,True,512,4096,0,1024,False,False,30.0,0,1,False,False,1,1,0,4,0,1,0,40.019461206,5.0,0.01,13967.154558197726,13967.154558197726,36.444195,50.357121,56.772518,75.600822,56.769697,0,0,0,True,False,True,False,,,,,,0,13979.733333333334,0,True,1.9592214471780056,0.43633003758311467,1.5507456597223266,,,15.028901734104046,95.92578125,112.09375,False,0,0,0,0,7c910988883ac20f5442e1a6a3e66d10de8900691696fc13cf5cddca8ca81a8d,65849e6a851c66b8b192de82764fb7749af1a4e20c456234d890033fe7da5b58
replicated-dual2-full-mongo,mongo,merge,2,2,2Gi,True,m8g.2xlarge,1536MiB,auto,400,5,60,512,32,2,128,16.0,True,512,4096,0,1024,True,True,30.0,32,1,False,False,3,1,0,4,0,1,0,60.025087408,5.0,0.01,10807.114625101622,10807.114625101622,45.662155,77.099077,93.183631,138.469937,93.181408,0,0,0,True,False,True,False,,,,,,0,10672.5,0,True,3.831973153638289,0.4810201537147722,5.267282899468123,0.0,92.71115125618482,6.410256410256411,130.58984375,147.421875,False,0,0,0,0,42741dd5ce9e8743129ad9ef0d57f0d414b22fed6d85d5f20cae024edd6ad3e4,f6cdfbc6595132be9e2ed7e4013a9b33bea60338f14fe89aca10708eb3b4a8f3
replicated-dual2-full-search,search,merge,2,2,2Gi,True,m8g.2xlarge,1536MiB,auto,400,5,60,512,32,2,128,16.0,True,512,4096,0,1024,True,True,30.0,32,1,False,False,3,1,1,4,0,all,0,60.224358471,5.0,0.01,10695.124304398503,10695.124304398503,41.287804,84.70499,206.644489,1099.140917,206.643582,0,0,0,True,False,True,False,,,,,,0,10697.333333333334,0,True,2.317722161263325,0.5180346692111976,5.134774908772859,0.0,88.45952529036046,0.0,84.046875,100.5234375,False,0,0,0,0,42741dd5ce9e8743129ad9ef0d57f0d414b22fed6d85d5f20cae024edd6ad3e4,f6cdfbc6595132be9e2ed7e4013a9b33bea60338f14fe89aca10708eb3b4a8f3
replicated-dual2-hot16-mongo,mongo,merge,2,2,2Gi,True,m8g.2xlarge,1536MiB,auto,400,5,60,512,32,2,128,16.0,True,128,16,16,1024,False,False,30.0,0,1,False,False,3,1,0,4,0,1,0,60.032239684,5.0,0.01,3948.794868354391,3948.794868354391,25.594899,69.360124,84.063827,135.744223,84.062424,5592,0,5592,True,False,False,False,,,,0,59,2731,3950.366666666667,0,True,3.574402728264169,0.2585987708333333,2.9710353152395554,0.0,18.968138699692645,12.5,54.5234375,71.4453125,False,0,0,0,0,42741dd5ce9e8743129ad9ef0d57f0d414b22fed6d85d5f20cae024edd6ad3e4,f6cdfbc6595132be9e2ed7e4013a9b33bea60338f14fe89aca10708eb3b4a8f3
replicated-dual2-hot16-search,search,merge,2,2,2Gi,True,m8g.2xlarge,1536MiB,auto,400,5,60,512,32,2,128,16.0,True,128,16,16,1024,False,False,30.0,0,1,False,False,3,1,1,4,0,all,0,60.026180776,5.0,0.01,5277.963646933725,5277.963646933725,23.796996,33.748297,41.632846,87.72735,41.631481,1,0,1,True,False,False,False,,,,59,59,1,5277.533333333334,0,True,2.6275912149845784,0.3733824452705628,1.9529924734826465,0.0,17.950723273400044,0.0,47.3671875,62.12109375,False,0,0,0,0,42741dd5ce9e8743129ad9ef0d57f0d414b22fed6d85d5f20cae024edd6ad3e4,f6cdfbc6595132be9e2ed7e4013a9b33bea60338f14fe89aca10708eb3b4a8f3
replicated-dual2-rich-three-shards-search,search,merge,2,2,2Gi,True,m8g.2xlarge,1536MiB,auto,400,5,60,512,32,2,128,16.0,True,512,4096,0,1024,True,True,30.0,32,1,False,False,3,3,1,4,0,all,0,60.036911351,5.0,0.01,12162.018058043188,12162.018058043188,37.284369,71.319273,183.33875,387.728509,183.337523,0,0,0,True,False,True,False,,,,,,0,11769.033333333333,0,True,2.671058554554378,0.5898642994241458,6.8759951676071225,0.0,110.94992662299059,0.0,80.15625,97.02734375,False,0,0,0,0,42741dd5ce9e8743129ad9ef0d57f0d414b22fed6d85d5f20cae024edd6ad3e4,f6cdfbc6595132be9e2ed7e4013a9b33bea60338f14fe89aca10708eb3b4a8f3
replicated-dual2-small-mongo,mongo,merge,2,2,2Gi,True,m8g.2xlarge,1536MiB,auto,400,5,60,512,32,2,128,16.0,True,1024,4096,0,1024,False,False,30.0,0,1,False,False,3,1,0,4,0,1,0,60.0935146,5.0,0.01,22645.655010499253,22645.655010499253,46.342803,82.097473,106.817583,171.366285,106.816717,0,0,0,True,False,True,False,,,,,,0,22048.666666666668,0,True,3.5256141519545237,0.811172574468085,7.6563674181197285,0.0,45.00968670246593,0.2127659574468085,126.8671875,143.765625,False,0,0,0,0,42741dd5ce9e8743129ad9ef0d57f0d414b22fed6d85d5f20cae024edd6ad3e4,f6cdfbc6595132be9e2ed7e4013a9b33bea60338f14fe89aca10708eb3b4a8f3
replicated-dual2-small-search,search,merge,2,2,2Gi,True,m8g.2xlarge,1536MiB,auto,400,5,60,512,32,2,128,16.0,True,1024,4096,0,1024,False,False,30.0,0,1,False,False,3,1,1,4,0,all,0,60.047325154,5.0,0.01,27308.094004096827,27308.094004096827,37.655081,62.318889,77.255955,138.842323,77.255163,0,0,0,True,False,True,False,,,,,,0,27375.2,0,True,3.1018752230248587,0.9762861544955468,2.891374427680246,0.0,67.77326690889024,0.0,129.70703125,145.7578125,False,0,0,0,0,42741dd5ce9e8743129ad9ef0d57f0d414b22fed6d85d5f20cae024edd6ad3e4,f6cdfbc6595132be9e2ed7e4013a9b33bea60338f14fe89aca10708eb3b4a8f3
replicated-dual2-three-shards-search,search,merge,2,2,2Gi,True,m8g.2xlarge,1536MiB,auto,400,5,60,512,32,2,128,16.0,True,1024,4096,0,1024,False,False,30.0,0,1,False,False,3,3,1,4,0,all,0,60.030857894,5.0,0.01,28815.14708742636,28815.14708742636,35.530312,59.67662,73.547898,157.386448,73.545226,0,0,0,True,False,True,False,,,,,,0,29061.633333333335,0,True,3.3036759371531548,1.0228309005548315,4.101327402913996,0.0,87.88424252096951,0.0,102.51171875,118.36328125,False,0,0,0,0,42741dd5ce9e8743129ad9ef0d57f0d414b22fed6d85d5f20cae024edd6ad3e4,f6cdfbc6595132be9e2ed7e4013a9b33bea60338f14fe89aca10708eb3b4a8f3
replicated-dual2-visible-search,search,merge,2,2,2Gi,True,m8g.2xlarge,1536MiB,auto,400,5,60,512,32,2,128,16.0,True,128,4096,0,1024,False,False,30.0,0,1,True,False,3,1,1,4,0,all,0,60.38774232,5.0,0.01,127.17812762899794,127.17812762899794,1012.117193,1044.48355,1050.683844,1051.126442,1050.682818,0,0,0,True,False,True,False,,,,,,0,123.73333333333333,0,True,0.017191768782254417,0.006824656138563491,0.06856374425796147,0.0,0.33217692641923413,0.0,57.0546875,73.76171875,False,0,0,0,0,42741dd5ce9e8743129ad9ef0d57f0d414b22fed6d85d5f20cae024edd6ad3e4,f6cdfbc6595132be9e2ed7e4013a9b33bea60338f14fe89aca10708eb3b4a8f3
replicated-single2-full-mongo,mongo,merge,1,2,2Gi,True,m8g.2xlarge,1536MiB,auto,400,0,60,512,32,2,128,16.0,True,512,4096,0,1024,True,True,30.0,32,1,False,False,3,1,0,4,0,1,0,60.051627557,5.0,0.01,5601.630025442809,5601.630025442809,90.200728,128.669645,147.480015,194.128336,147.478631,0,0,0,True,False,True,False,,,,,,0,5569.466666666666,0,True,1.9568140845070578,0.23312156310890464,3.399271193062315,0.0,51.15154789248054,33.622559652928416,130.5703125,147.26171875,False,0,0,0,0,42741dd5ce9e8743129ad9ef0d57f0d414b22fed6d85d5f20cae024edd6ad3e4,f6cdfbc6595132be9e2ed7e4013a9b33bea60338f14fe89aca10708eb3b4a8f3
replicated-single2-full-search,search,merge,1,2,2Gi,True,m8g.2xlarge,1536MiB,auto,400,0,60,512,32,2,128,16.0,True,512,4096,0,1024,True,True,30.0,32,1,False,False,3,1,1,4,0,all,0,60.156194034,5.0,0.01,7070.377486973447,7070.377486973447,66.445449,94.424113,312.713766,974.961814,312.712793,0,0,0,True,False,True,False,,,,,,0,6783.333333333333,0,True,1.4400790881849517,0.3106624919854612,3.94192250370941,0.0,61.49965684105577,0.0,116.609375,131.24609375,False,0,0,0,0,42741dd5ce9e8743129ad9ef0d57f0d414b22fed6d85d5f20cae024edd6ad3e4,f6cdfbc6595132be9e2ed7e4013a9b33bea60338f14fe89aca10708eb3b4a8f3
replicated-single2-small-mongo,mongo,merge,1,2,2Gi,True,m8g.2xlarge,1536MiB,auto,400,0,60,512,32,2,128,16.0,True,512,4096,0,1024,False,False,30.0,0,1,False,False,3,1,0,4,0,1,0,60.034069772,5.0,0.01,12710.116154008989,12710.116154008989,40.089711,55.166453,62.89383,87.19332,62.892706,0,0,0,True,False,True,False,,,,,,0,12633.4,0,True,1.9142920491273492,0.41463450734659646,5.4834965081724505,0.10803802938634671,28.33207398312711,10.344827586206897,115.12109375,131.86328125,False,0,0,0,0,42741dd5ce9e8743129ad9ef0d57f0d414b22fed6d85d5f20cae024edd6ad3e4,f6cdfbc6595132be9e2ed7e4013a9b33bea60338f14fe89aca10708eb3b4a8f3
replicated-single2-small-search,search,merge,1,2,2Gi,True,m8g.2xlarge,1536MiB,auto,400,0,60,512,32,2,128,16.0,True,512,4096,0,1024,False,False,30.0,0,1,False,False,3,1,1,4,0,all,0,60.025607335,5.0,0.01,15852.900824297842,15852.900824297842,31.069799,45.718869,67.521835,126.41798,67.520292,0,0,0,True,False,True,False,,,,,,0,15985.6,0,True,1.7102635221465394,0.518843033660006,2.3556530151054864,0.0,40.71531927141098,0.21321961620469082,109.30078125,125.921875,False,0,0,0,0,42741dd5ce9e8743129ad9ef0d57f0d414b22fed6d85d5f20cae024edd6ad3e4,f6cdfbc6595132be9e2ed7e4013a9b33bea60338f14fe89aca10708eb3b4a8f3
replicated-single4-small-mongo,mongo,merge,1,4,4Gi,False,m8g.2xlarge,3GiB,auto,400,0,60,1024,32,2,128,16.0,True,1024,4096,0,1024,False,False,30.0,0,1,False,False,3,1,0,4,0,1,0,60.031351936,5.0,0.01,24746.685724882354,24746.685724882354,40.337733,66.051452,84.134458,106.738915,84.133457,0,0,0,True,False,True,False,,,,,,0,24609.7,0,True,3.694839119281744,0.788536833119922,7.699266907771332,0.0,43.3371189686941,15.17094017094017,188.48046875,205.15625,False,0,0,0,0,42741dd5ce9e8743129ad9ef0d57f0d414b22fed6d85d5f20cae024edd6ad3e4,f6cdfbc6595132be9e2ed7e4013a9b33bea60338f14fe89aca10708eb3b4a8f3
replicated-single4-small-search,search,merge,1,4,4Gi,False,m8g.2xlarge,3GiB,auto,400,0,60,1024,32,2,128,16.0,True,1024,4096,0,1024,False,False,30.0,0,1,False,False,3,1,1,4,0,all,0,60.024682455,5.0,0.01,32293.648557878074,32293.648557878074,30.50452,44.34025,71.36502,131.273467,71.361932,0,0,0,True,False,True,False,,,,,,0,32199.3,0,True,3.580410734463278,1.0566618878191567,3.2352935197778168,0.0,78.38484361130682,0.0,199.45703125,214.875,False,0,0,0,0,42741dd5ce9e8743129ad9ef0d57f0d414b22fed6d85d5f20cae024edd6ad3e4,f6cdfbc6595132be9e2ed7e4013a9b33bea60338f14fe89aca10708eb3b4a8f3
returned-1k-mongo,mongo,merge,1,2,2Gi,False,m8g.2xlarge,1536MiB,auto,400,,,512,32,2,128,16.0,True,128,4096,0,1024,False,False,30.0,0,1,False,True,1,1,0,4,0,1,0,40.057469319,5.0,0.01,2173.5022576352185,2173.5022576352185,25.978163,201.068805,327.71952,699.08666,327.717437,0,0,0,True,False,True,False,,,,,,0,2141.9,0,True,0.42830026056745846,0.13138241599073527,0.29985102988104584,,,0.0,52.30078125,68.44921875,False,0,0,0,0,7c910988883ac20f5442e1a6a3e66d10de8900691696fc13cf5cddca8ca81a8d,cf7577d759dd94361193caa12ad374dfa8c978cb90c32e84f4958d87157f9466
returned-1k-search,search,merge,1,2,2Gi,False,m8g.2xlarge,1536MiB,auto,400,,,512,32,2,128,16.0,True,128,4096,0,1024,False,False,30.0,0,1,False,True,1,1,0,4,0,1,0,40.052215019,5.0,0.01,2430.9766626842347,2430.9766626842347,14.869743,224.253812,395.741563,1165.417261,395.740552,0,0,0,True,False,True,False,,,,,,0,2448.3333333333335,0,True,0.3813562793427238,0.15122839125560414,0.24373262079063215,,,0.0,50.71875,67.5625,False,0,0,0,0,7c910988883ac20f5442e1a6a3e66d10de8900691696fc13cf5cddca8ca81a8d,cf7577d759dd94361193caa12ad374dfa8c978cb90c32e84f4958d87157f9466
returned-random-16k-mongo,mongo,merge,1,2,2Gi,False,m8g.2xlarge,1536MiB,auto,400,,,512,32,2,128,16.0,True,32,1024,0,16384,True,False,30.0,0,1,False,True,1,1,0,4,0,1,0,40.018544426,5.0,0.01,1010.9313214729466,1010.9313214729466,28.007625,31.098407,156.482068,327.955446,156.481083,0,0,0,True,False,True,False,,,,,,0,973.8666666666667,0,True,0.49281672504377977,0.07805633925968808,0.21313118436406792,,,0.0,61.46484375,78.0625,False,0,0,0,0,7c910988883ac20f5442e1a6a3e66d10de8900691696fc13cf5cddca8ca81a8d,cf7577d759dd94361193caa12ad374dfa8c978cb90c32e84f4958d87157f9466
returned-random-16k-search,search,merge,1,2,2Gi,False,m8g.2xlarge,1536MiB,auto,400,,,512,32,2,128,16.0,True,32,1024,0,16384,True,False,30.0,0,1,False,True,1,1,0,4,0,1,0,40.052649491,5.0,0.01,535.3952927588114,535.3952927588114,58.957755,70.779855,82.420676,527.887631,82.419659,0,0,0,True,False,True,False,,,,,,0,537.4666666666667,0,True,0.2729418144208026,0.054416440377802376,1.0726281157708024,,,0.0,49.734375,66.5703125,False,0,0,0,0,7c910988883ac20f5442e1a6a3e66d10de8900691696fc13cf5cddca8ca81a8d,cf7577d759dd94361193caa12ad374dfa8c978cb90c32e84f4958d87157f9466
returned-read8-mongo,mongo,merge,1,2,2Gi,False,m8g.2xlarge,1536MiB,auto,400,0,60,512,8,2,64,16.0,True,128,4096,0,1024,False,False,30.0,0,1,False,True,1,1,0,4,0,1,0,40.024337701,5.0,0.01,4163.042028196683,4163.042028196683,32.065647,48.634027,84.018238,476.45872,84.017063,0,0,0,True,False,True,False,,,,,,0,4178.2,0,True,0.6959524547048458,0.2199771320093355,0.4578197718630867,0.0,4.227638746709276,0.0,33.6875,49.78515625,False,0,0,0,0,a50e42f736370f856b007b98b777c5fa498c6be6e1a71a2721a0d6cb637897fc,35d9dac6afc795a643629d86cc362c3c283777b9959839187d191580c80831b0
returned-read8-search,search,merge,1,2,2Gi,False,m8g.2xlarge,1536MiB,auto,400,0,60,512,8,2,64,16.0,True,128,4096,0,1024,False,False,30.0,0,1,False,True,1,1,0,4,0,1,0,40.016072463,5.0,0.01,6521.929413270415,6521.929413270415,9.362778,20.999019,43.085627,5000.601228,43.084442,95,0,95,True,False,False,False,,,,7,22,48,6566.0,0,True,0.8452795652173912,0.341174036511154,0.41478280254776023,0.0,10.82938259988392,0.0,33.71484375,51.3203125,False,0,0,0,0,a50e42f736370f856b007b98b777c5fa498c6be6e1a71a2721a0d6cb637897fc,35d9dac6afc795a643629d86cc362c3c283777b9959839187d191580c80831b0
rich-batch32-mongo,mongo,merge,1,2,2Gi,False,m8g.2xlarge,1536MiB,auto,400,0,60,512,32,2,32,16.0,True,256,4096,0,1024,True,True,30.0,32,1,False,False,1,1,0,4,0,1,0,40.035567075,5.0,0.01,5439.6631772949595,5439.6631772949595,41.769436,83.436166,125.007485,758.409758,125.006254,0,0,0,True,False,True,False,,,,,,0,5385.233333333334,0,True,1.914977096774173,0.22975548065650106,0.6877668033986756,0.0,22.732932903600766,10.850439882697946,74.03515625,90.58203125,False,0,0,0,0,a50e42f736370f856b007b98b777c5fa498c6be6e1a71a2721a0d6cb637897fc,35d9dac6afc795a643629d86cc362c3c283777b9959839187d191580c80831b0
rich-batch32-search,search,merge,1,2,2Gi,False,m8g.2xlarge,1536MiB,auto,400,0,60,512,32,2,32,16.0,True,256,4096,0,1024,True,True,30.0,32,1,False,False,1,1,0,4,0,1,0,40.07803456,5.0,0.01,7737.255666461504,7737.255666461504,26.098967,67.352764,116.102211,699.732338,116.101183,0,0,0,True,False,True,False,,,,,,0,7636.833333333333,0,True,1.5842417637271238,0.3488745236122439,2.1080404968944415,0.0,37.68326216356164,0.0,63.62109375,80.08984375,False,0,0,0,0,a50e42f736370f856b007b98b777c5fa498c6be6e1a71a2721a0d6cb637897fc,35d9dac6afc795a643629d86cc362c3c283777b9959839187d191580c80831b0
rich-batch64-mongo,mongo,merge,1,2,2Gi,False,m8g.2xlarge,1536MiB,auto,400,0,60,512,32,2,64,16.0,True,256,4096,0,1024,True,True,30.0,32,1,False,False,1,1,0,4,0,1,0,40.030059631,5.0,0.01,5633.491483119395,5633.491483119395,45.197204,62.787153,70.845759,102.138998,70.844631,0,0,0,True,False,True,False,,,,,,0,5626.5,0,True,1.8090022883925894,0.2211311000827103,0.634311013215737,0.0,13.633156662992972,29.20353982300885,74.94921875,91.50390625,False,0,0,0,0,a50e42f736370f856b007b98b777c5fa498c6be6e1a71a2721a0d6cb637897fc,35d9dac6afc795a643629d86cc362c3c283777b9959839187d191580c80831b0
rich-batch64-search,search,merge,1,2,2Gi,False,m8g.2xlarge,1536MiB,auto,400,0,60,512,32,2,64,16.0,True,256,4096,0,1024,True,True,30.0,32,1,False,False,1,1,0,4,0,1,0,40.024736418,5.0,0.01,8014.293876917142,8014.293876917142,29.79001,40.172372,122.399188,455.952952,122.398114,0,0,0,True,False,True,False,,,,,,0,7937.833333333333,0,True,1.4747856519208131,0.31396012805589024,1.8809262989840945,0.0,32.149287917272424,0.0,95.53515625,112.078125,False,0,0,0,0,a50e42f736370f856b007b98b777c5fa498c6be6e1a71a2721a0d6cb637897fc,35d9dac6afc795a643629d86cc362c3c283777b9959839187d191580c80831b0
rpc-batch10-mongo,mongo,merge,1,2,2Gi,False,m8g.2xlarge,1536MiB,auto,400,,,512,32,2,128,16.0,True,32,4096,0,1024,False,False,30.0,0,10,False,False,1,1,0,4,0,1,0,40.004987719,5.0,0.01,1156.055847957052,11560.558479570522,28.21561,34.052415,37.998104,47.874812,37.996565,0,0,0,True,False,True,False,,,,,,0,1150.8333333333333,0,True,1.3048721139866288,0.09869083503055283,1.1690507692308678,,,0.0,71.57421875,88.33984375,False,0,0,0,0,7c910988883ac20f5442e1a6a3e66d10de8900691696fc13cf5cddca8ca81a8d,cf7577d759dd94361193caa12ad374dfa8c978cb90c32e84f4958d87157f9466
rpc-batch10-search,search,merge,1,2,2Gi,False,m8g.2xlarge,1536MiB,auto,400,,,512,32,2,128,16.0,True,32,4096,0,1024,False,False,30.0,0,10,False,False,1,1,0,4,0,1,0,40.014499316,5.0,0.01,1716.8526702652096,17168.526702652096,18.113695,23.425697,29.080318,61.104664,29.078736,0,0,0,True,False,True,False,,,,,,0,1711.7,0,True,1.2476039353891435,0.14870040995607772,0.7978184967704172,,,0.0,64.29296875,80.5390625,False,0,0,0,0,7c910988883ac20f5442e1a6a3e66d10de8900691696fc13cf5cddca8ca81a8d,cf7577d759dd94361193caa12ad374dfa8c978cb90c32e84f4958d87157f9466
rpc-batch100-mongo,mongo,merge,1,2,2Gi,False,m8g.2xlarge,1536MiB,auto,400,,,512,32,2,128,16.0,True,32,4096,0,1024,False,False,30.0,0,100,False,False,1,1,0,4,0,1,0,40.138975198,5.0,0.01,187.0999437069385,18709.99437069385,71.303289,702.105598,1191.931077,2407.384137,1191.929598,0,0,0,True,False,True,False,,,,,,0,187.1,0,True,1.9761938781488064,0.06708700498679936,1.939578158897651,,,11.730205278592376,157.20703125,173.01953125,False,0,0,0,0,7c910988883ac20f5442e1a6a3e66d10de8900691696fc13cf5cddca8ca81a8d,cf7577d759dd94361193caa12ad374dfa8c978cb90c32e84f4958d87157f9466
rpc-batch100-search,search,merge,1,2,2Gi,False,m8g.2xlarge,1536MiB,auto,400,,,512,32,2,128,16.0,True,32,4096,0,1024,False,False,30.0,0,100,False,False,1,1,0,4,0,1,0,40.100584703,5.0,0.01,290.64414113463204,29064.414113463205,44.428996,415.075869,733.463613,1652.855831,733.460246,0,0,0,True,False,True,False,,,,,,0,290.73333333333335,0,True,1.9116880453752119,0.11745040697674544,1.3423554651162932,,,2.616279069767442,138.04296875,154.2890625,False,0,0,0,0,7c910988883ac20f5442e1a6a3e66d10de8900691696fc13cf5cddca8ca81a8d,cf7577d759dd94361193caa12ad374dfa8c978cb90c32e84f4958d87157f9466
shared-read8-single2-rich-mongo,mongo,merge,1,2,2Gi,True,m8g.2xlarge,1536MiB,auto,400,40,90,512,8,2,32,16.0,True,128,4096,0,1024,True,True,30.0,32,1,False,False,3,1,0,4,0,1,1750,600.00807058,5.0,0.01,1749.976461124954,1749.976461124954,8.073039,10.658749,12.4059,93.633934,11.879589,0,0,0,True,False,True,False,,,,,,0,1749.9333333333334,0,True,1.338464878065211,0.4020886459719398,2.4249793197137794,0.0,30.698651267374558,0.016840687100033683,51.34375,68.390625,False,0,0,0,0,42741dd5ce9e8743129ad9ef0d57f0d414b22fed6d85d5f20cae024edd6ad3e4,21518af022cb9139aaba0c610629dc5a4dd844e61ae0985ed4eee0bcfbaa66b7
shared-read8-single2-rich-search,search,merge,1,2,2Gi,True,m8g.2xlarge,1536MiB,auto,400,40,90,512,8,2,32,16.0,True,128,4096,0,1024,True,True,30.0,32,1,False,False,3,3,1,4,0,all,1500,600.008038064,5.0,0.01,1499.9799051092068,1499.9799051092068,9.457455,12.563968,26.218978,384.828515,22.809288,0,0,0,True,False,True,False,,,,,,0,1499.9333333333334,0,True,1.3366708017639148,0.4019834712291444,1.749297064241079,0.0,35.55606055080368,0.017027073046143367,32.5703125,49.484375,False,0,0,41,0,42741dd5ce9e8743129ad9ef0d57f0d414b22fed6d85d5f20cae024edd6ad3e4,21518af022cb9139aaba0c610629dc5a4dd844e61ae0985ed4eee0bcfbaa66b7
shared-single2-rich-mongo,mongo,merge,1,2,2Gi,True,m8g.2xlarge,1536MiB,auto,400,5,60,512,32,2,32,16.0,True,128,4096,0,1024,True,True,30.0,32,1,False,False,3,1,0,4,0,1,1750,600.005918145,5.0,0.01,1749.982738914006,1749.982738914006,17.801106,60.05775,249.034425,1317.171528,70.25419,0,0,0,True,False,True,False,,,,,,0,1750.3,0,True,1.3563597739305102,0.4020582389894282,2.5009100803890627,0.0,31.33271407900766,0.0,51.03125,67.6328125,False,0,0,0,0,42741dd5ce9e8743129ad9ef0d57f0d414b22fed6d85d5f20cae024edd6ad3e4,21518af022cb9139aaba0c610629dc5a4dd844e61ae0985ed4eee0bcfbaa66b7
shared-single2-rich-search,search,merge,1,2,2Gi,True,m8g.2xlarge,1536MiB,auto,400,5,60,512,32,2,32,16.0,True,128,4096,0,1024,True,True,30.0,32,1,False,False,3,3,1,4,0,all,1500,600.007774888,5.0,0.01,1499.9805630318672,1499.9805630318672,19.608661,60.83426,213.011181,1316.740003,72.251959,0,0,0,True,False,True,False,,,,,,0,1500.1333333333334,0,True,1.3482817621875893,0.40034027954041823,1.8398467884103864,0.0001255795164210419,35.46398367957027,0.0,52.34765625,69.03515625,False,0,0,41,0,42741dd5ce9e8743129ad9ef0d57f0d414b22fed6d85d5f20cae024edd6ad3e4,21518af022cb9139aaba0c610629dc5a4dd844e61ae0985ed4eee0bcfbaa66b7
smoke-mongo-v2,mongo,merge,1,2,2Gi,,,,auto,100,,,0,0,,1000,16.0,True,4,64,0,1024,False,False,30.0,0,1,False,False,1,1,0,4,0,1,0,5.003547991,5.0,0.01,713.2938479694099,713.2938479694099,5.833399,6.676603,6.916052,13.770318,6.915026,0,0,0,True,True,True,False,,,,,,0,,0,False,0,0,0,,,0,0.0,0.0,False,0,0,0,0,,
smoke-mongo,mongo,merge,1,2,2Gi,,,,auto,100,,,0,0,,1000,16.0,True,4,64,0,1024,False,False,30.0,0,1,False,False,1,1,0,4,0,1,0,5.001847826,5.0,0.01,0,0,2.56992,2.804782,3.017758,5.59826,3.014937,7707,0,7707,True,True,False,False,,,,,,0,,0,False,0,0,0,,,0,0.0,0.0,False,0,0,0,0,,
soak-single2-large-delta-mongo,mongo,merge,1,2,2Gi,True,m8g.2xlarge,1536MiB,auto,400,5,60,512,32,2,32,16.0,True,64,4096,0,16384,True,True,30.0,0,1,False,False,3,1,0,4,0,1,800,300.00579206,5.0,0.01,799.9845548048651,799.9845548048651,6.411033,8.277704,9.186226,23.992361,8.42294,0,0,0,True,False,True,False,,,,,,0,800.0333333333333,0,True,0.7431011033304867,0.11679988045223196,1.5224864543362369,0.0,34.52528441352848,0.0,32.65234375,49.453125,False,0,0,0,0,42741dd5ce9e8743129ad9ef0d57f0d414b22fed6d85d5f20cae024edd6ad3e4,f6cdfbc6595132be9e2ed7e4013a9b33bea60338f14fe89aca10708eb3b4a8f3
soak-single2-rich-mongo,mongo,merge,1,2,2Gi,True,m8g.2xlarge,1536MiB,auto,400,5,60,512,32,2,32,16.0,True,128,4096,0,1024,True,True,30.0,32,1,False,False,3,1,0,4,0,1,3500,600.009217113,5.0,0.01,3499.9462343334403,3499.9462343334403,10.250497,14.788598,18.461148,79.317233,18.003962,0,0,0,True,False,True,False,,,,,,0,3500.133333333333,0,True,1.4073744846271634,0.2584367398108579,3.702521156599313,0.0,48.255325023211476,0.0,35.40234375,52.30078125,False,0,0,0,0,42741dd5ce9e8743129ad9ef0d57f0d414b22fed6d85d5f20cae024edd6ad3e4,f6cdfbc6595132be9e2ed7e4013a9b33bea60338f14fe89aca10708eb3b4a8f3
soak-single2-rich-search-flush1024,search,merge,1,2,2Gi,True,m8g.2xlarge,1536MiB,auto,400,5,60,512,32,2,32,16.0,True,128,4096,0,1024,True,True,30.0,32,1,False,False,3,1,1,4,1024,all,3000,600.007967155,5.0,0.01,2999.960164753956,2999.960164753956,10.964797,19.864061,367.305373,1023.742647,34.943479,0,0,0,True,False,True,False,,,,,,0,3000.3,0,True,0.8342364429461978,0.25719921221156844,2.076526871436644,0.0,31.784701408357034,0.0,36.96875,53.8828125,False,0,0,41,0,42741dd5ce9e8743129ad9ef0d57f0d414b22fed6d85d5f20cae024edd6ad3e4,21518af022cb9139aaba0c610629dc5a4dd844e61ae0985ed4eee0bcfbaa66b7
soak-single2-rich-search-three-shards,search,merge,1,2,2Gi,True,m8g.2xlarge,1536MiB,auto,400,5,60,512,32,2,32,16.0,True,128,4096,0,1024,True,True,30.0,32,1,False,False,3,3,1,4,0,all,3000,600.009731718,5.0,0.01,2999.9513421992065,2999.9513421992065,10.658899,19.49728,256.608172,1035.266925,42.31995,0,0,0,True,False,True,False,,,,,,0,3000.5666666666666,0,True,0.9053422534974155,0.2621017906730176,2.7292260726336846,0.0,49.030678959617944,0.0,38.71484375,55.56640625,False,0,0,0,0,42741dd5ce9e8743129ad9ef0d57f0d414b22fed6d85d5f20cae024edd6ad3e4,f6cdfbc6595132be9e2ed7e4013a9b33bea60338f14fe89aca10708eb3b4a8f3
soak-single2-rich-search,search,merge,1,2,2Gi,True,m8g.2xlarge,1536MiB,auto,400,5,60,512,32,2,32,16.0,True,128,4096,0,1024,True,True,30.0,32,1,False,False,3,1,1,4,0,all,3000,600.034283269,5.0,0.01,2997.1204148576535,2997.1204148576535,10.931267,15.594556,220.997627,932.317651,26.724217,0,1625,0,True,False,False,False,,,,,,0,2942.5333333333333,0,True,0.8430781610181121,0.26104710906814454,2.004679002848662,0.0,28.299631672555254,0.0,37.453125,54.5703125,False,0,0,0,0,42741dd5ce9e8743129ad9ef0d57f0d414b22fed6d85d5f20cae024edd6ad3e4,f6cdfbc6595132be9e2ed7e4013a9b33bea60338f14fe89aca10708eb3b4a8f3
unbatched-mongo,mongo,merge,1,2,2Gi,False,m8g.2xlarge,1536MiB,auto,400,0,60,512,32,2,128,16.0,False,128,4096,0,1024,False,False,30.0,0,1,False,False,1,1,0,4,0,1,0,40.010563818,5.0,0.01,2229.0613150489244,2229.0613150489244,0.588966,3.372363,4.021022,25.025521,4.018522,446898,0,446898,True,False,False,False,,,,0,39,324152,2230.733333333333,0,True,0.9035787339556659,0.5497548716452637,0.8448315743439516,,,0.0,22.82421875,38.90625,False,0,0,0,0,7c910988883ac20f5442e1a6a3e66d10de8900691696fc13cf5cddca8ca81a8d,cf7577d759dd94361193caa12ad374dfa8c978cb90c32e84f4958d87157f9466
unbatched-search,search,merge,1,2,2Gi,False,m8g.2xlarge,1536MiB,auto,400,0,60,512,32,2,128,16.0,False,128,4096,0,1024,False,False,30.0,0,1,False,False,1,1,0,4,0,1,0,40.128475837,5.0,0.01,739.7739231508106,739.7739231508106,1.265181,20.773129,43.687083,252.681185,43.685342,330510,0,330510,True,False,False,False,,,,0,40,208360,562.7,0,True,1.6706875036927666,0.3154185874704478,0.37994501626738225,,,50.73746312684366,31.3984375,40.046875,False,0,0,0,0,7c910988883ac20f5442e1a6a3e66d10de8900691696fc13cf5cddca8ca81a8d,cf7577d759dd94361193caa12ad374dfa8c978cb90c32e84f4958d87157f9466
upsert-mongo,mongo,upsert,1,2,2Gi,False,m8g.2xlarge,1536MiB,auto,400,,,512,32,2,128,16.0,True,128,4096,0,1024,False,False,30.0,0,1,False,False,1,1,0,4,0,1,0,40.003392926,5.0,0.01,10116.766863966783,10116.766863966783,12.895174,15.209182,16.652864,65.309154,16.651889,0,0,0,True,False,True,False,,,,,,0,10100.633333333333,0,True,0.4916240691879196,0.30572635590736963,0.6310737829910946,,,0.0,55.78125,72.11328125,False,0,0,0,0,7c910988883ac20f5442e1a6a3e66d10de8900691696fc13cf5cddca8ca81a8d,cf7577d759dd94361193caa12ad374dfa8c978cb90c32e84f4958d87157f9466
upsert-search,search,upsert,1,2,2Gi,False,m8g.2xlarge,1536MiB,auto,400,,,512,32,2,128,16.0,True,128,4096,0,1024,False,False,30.0,0,1,False,False,1,1,0,4,0,1,0,40.006309854,5.0,0.01,13750.480911825414,13750.480911825414,9.109339,10.390918,13.723112,60.282079,13.722203,0,0,0,True,False,True,False,,,,,,0,13735.266666666666,0,True,0.7117609691630014,0.4271529670975213,0.4991256756756629,,,0.0,56.02734375,72.16015625,False,0,0,0,0,7c910988883ac20f5442e1a6a3e66d10de8900691696fc13cf5cddca8ca81a8d,cf7577d759dd94361193caa12ad374dfa8c978cb90c32e84f4958d87157f9466
visible-batch10-search,search,merge,1,2,2Gi,False,m8g.2xlarge,1536MiB,auto,400,0,40,512,32,2,128,16.0,True,32,4096,0,1024,False,False,30.0,0,10,True,False,1,1,0,4,0,1,0,40.843143029,5.0,0.01,32.122895122650974,321.2289512265097,1015.044629,1041.70635,1051.289043,1052.117067,1051.287448,0,0,0,True,False,True,False,,,,,,0,32.0,0,True,0.023799297629499828,0.0037823270808908845,0.042820538326508645,,,0.0,78.14453125,94.921875,False,0,0,0,0,7c910988883ac20f5442e1a6a3e66d10de8900691696fc13cf5cddca8ca81a8d,cf7577d759dd94361193caa12ad374dfa8c978cb90c32e84f4958d87157f9466
visible-unary-search,search,merge,1,2,2Gi,False,m8g.2xlarge,1536MiB,auto,400,0,40,512,32,2,128,16.0,True,128,4096,0,1024,False,False,30.0,0,1,True,False,1,1,0,4,0,1,0,40.020219188,5.0,0.01,127.93533128712158,127.93533128712158,1008.381274,1038.045436,1040.661457,1041.080391,1040.65967,0,0,0,True,False,True,False,,,,,,0,123.73333333333333,0,True,0.013947167012755843,0.0062745551601421316,0.02851807658058728,,,0.0,64.3046875,81.0859375,False,0,0,0,0,7c910988883ac20f5442e1a6a3e66d10de8900691696fc13cf5cddca8ca81a8d,cf7577d759dd94361193caa12ad374dfa8c978cb90c32e84f4958d87157f9466
wait1-mongo,mongo,merge,1,2,2Gi,True,m8g.2xlarge,1536MiB,auto,400,,,512,32,1,64,16.0,True,128,4096,0,1024,False,False,30.0,0,1,False,False,1,1,0,4,0,1,0,40.012355368,5.0,0.01,9172.316816258064,9172.316816258064,14.072492,19.289127,21.950754,36.771398,21.949497,0,0,0,True,False,True,False,,,,,,0,9129.133333333333,0,True,1.3955880386983424,0.31186629542790256,1.0449056874816591,,,0.0,46.89453125,65.3671875,False,0,0,0,0,7c910988883ac20f5442e1a6a3e66d10de8900691696fc13cf5cddca8ca81a8d,65849e6a851c66b8b192de82764fb7749af1a4e20c456234d890033fe7da5b58
wait1-search,search,merge,1,2,2Gi,True,m8g.2xlarge,1536MiB,auto,400,,,512,32,1,64,16.0,True,128,4096,0,1024,False,False,30.0,0,1,False,False,1,1,0,4,0,1,0,40.010866607,5.0,0.01,10716.088811857611,10716.088811857611,11.664284,15.807273,18.775214,53.979215,18.77093,0,0,0,True,False,True,False,,,,,,0,10690.666666666666,0,True,1.239508547519425,0.3618629883686279,0.7378724745965324,,,0.0,39.43359375,52.40234375,False,0,0,0,0,7c910988883ac20f5442e1a6a3e66d10de8900691696fc13cf5cddca8ca81a8d,65849e6a851c66b8b192de82764fb7749af1a4e20c456234d890033fe7da5b58
wait10-mongo,mongo,merge,1,2,2Gi,True,m8g.2xlarge,1536MiB,auto,400,,,512,32,10,64,16.0,True,128,4096,0,1024,False,False,30.0,0,1,False,False,1,1,0,4,0,1,0,40.011039514,5.0,0.01,7695.476142084821,7695.476142084821,16.290609,19.451955,21.450834,33.00083,21.449626,0,0,0,True,False,True,False,,,,,,0,7711.633333333333,0,True,1.125801981076296,0.25496404860699634,0.8024523654644019,,,0.0,34.1796875,51.0,False,0,0,0,0,7c910988883ac20f5442e1a6a3e66d10de8900691696fc13cf5cddca8ca81a8d,65849e6a851c66b8b192de82764fb7749af1a4e20c456234d890033fe7da5b58
wait10-search,search,merge,1,2,2Gi,True,m8g.2xlarge,1536MiB,auto,400,,,512,32,10,64,16.0,True,128,4096,0,1024,False,False,30.0,0,1,False,False,1,1,0,4,0,1,0,40.00735739,5.0,0.01,11225.13530754349,11225.13530754349,11.263686,13.314279,14.527699,34.057192,14.526233,0,0,0,True,False,True,False,,,,,,0,11251.2,0,True,1.1852853818615599,0.3510119161676685,0.5914891109785125,,,0.0,40.74609375,57.7734375,False,0,0,0,0,7c910988883ac20f5442e1a6a3e66d10de8900691696fc13cf5cddca8ca81a8d,65849e6a851c66b8b192de82764fb7749af1a4e20c456234d890033fe7da5b58
wait5-mongo,mongo,merge,1,2,2Gi,True,m8g.2xlarge,1536MiB,auto,400,,,512,32,5,64,16.0,True,128,4096,0,1024,False,False,30.0,0,1,False,False,1,1,0,4,0,1,0,40.002770899,5.0,0.01,7762.66226117258,7762.66226117258,16.128391,19.237854,21.303446,33.379484,21.282684,0,0,0,True,False,True,False,,,,,,0,7739.733333333334,0,True,1.1330859988109283,0.25164651992861475,0.8066489443947739,,,0.0,34.5078125,51.51953125,False,0,0,0,0,7c910988883ac20f5442e1a6a3e66d10de8900691696fc13cf5cddca8ca81a8d,65849e6a851c66b8b192de82764fb7749af1a4e20c456234d890033fe7da5b58
wait5-search,search,merge,1,2,2Gi,True,m8g.2xlarge,1536MiB,auto,400,,,512,32,5,64,16.0,True,128,4096,0,1024,False,False,30.0,0,1,False,False,1,1,0,4,0,1,0,40.008529262,5.0,0.01,11122.428347363726,11122.428347363726,11.367344,13.466109,14.713064,36.766249,14.71215,0,0,0,True,False,True,False,,,,,,0,11136.0,0,True,1.1868533816425162,0.3502440156768156,0.5893906400966202,,,0.0,34.7734375,51.76171875,False,0,0,0,0,7c910988883ac20f5442e1a6a3e66d10de8900691696fc13cf5cddca8ca81a8d,65849e6a851c66b8b192de82764fb7749af1a4e20c456234d890033fe7da5b58
warm-sink-baseline-mongo-c128,mongo,merge,1,2,2Gi,True,m8g.2xlarge,1536MiB,auto,100,,,512,32,2,1000,16.0,True,128,4096,0,1024,False,False,30.0,0,1,False,False,1,1,0,4,0,1,0,40.076452348,5.0,0.01,1637.120956472941,1637.120956472941,46.251559,233.81937,376.10003,980.950171,376.098817,0,0,0,True,False,True,False,,,,,,0,,0,True,0.6612473029045588,0.08987501985702998,0.5019874722014359,,,0.0,16.76171875,32.9609375,False,0,0,0,0,e043090d7056ed73ca26b679e14bcf96c9d560235cdcd7ec8f96c58752531f03,2abbaa4f94268e5f7616e463ae450e4fa9def4e1ac7de97888bf6456bb42fbfe
warm-sink-baseline-mongo-c512,mongo,merge,1,2,2Gi,True,m8g.2xlarge,1536MiB,auto,100,,,512,32,2,1000,16.0,True,512,4096,0,1024,False,False,30.0,0,1,False,False,1,1,0,4,0,1,0,40.30400745,5.0,0.01,1652.4163281435679,1652.4163281435679,198.036265,971.177385,1571.313591,2674.154956,1571.312535,0,0,0,True,False,True,False,,,,,,0,,0,True,0.6910513471300239,0.10395531914893733,0.6617725752507502,,,0.0,35.109375,51.984375,False,0,0,0,0,e043090d7056ed73ca26b679e14bcf96c9d560235cdcd7ec8f96c58752531f03,2abbaa4f94268e5f7616e463ae450e4fa9def4e1ac7de97888bf6456bb42fbfe
warm-sink-baseline-search-c128,search,merge,1,2,2Gi,True,m8g.2xlarge,1536MiB,auto,100,,,512,32,2,1000,16.0,True,128,4096,0,1024,False,False,30.0,0,1,False,False,1,1,0,4,0,1,0,40.078593965,5.0,0.01,1523.1572258575363,1523.1572258575363,57.161771,226.365818,379.379464,2260.506309,379.37791,0,0,0,True,False,True,False,,,,,,0,,0,True,0.5019750841750839,0.09346621411947337,0.22799150097466211,,,0.0,18.62890625,35.2734375,False,0,0,0,0,e043090d7056ed73ca26b679e14bcf96c9d560235cdcd7ec8f96c58752531f03,2abbaa4f94268e5f7616e463ae450e4fa9def4e1ac7de97888bf6456bb42fbfe
warm-sink-baseline-search-c512,search,merge,1,2,2Gi,True,m8g.2xlarge,1536MiB,auto,100,,,512,32,2,1000,16.0,True,512,4096,0,1024,False,False,30.0,0,1,False,False,1,1,0,4,0,1,0,40.347277553,5.0,0.01,1433.4796176526554,1433.4796176526554,208.414297,1116.264291,2117.763803,5004.925212,2117.76258,201,0,201,True,False,False,False,,,,,,0,,0,True,0.5010994085027777,0.10121947405827886,0.2714325951557085,,,0.0,39.15625,56.23828125,False,0,0,0,0,e043090d7056ed73ca26b679e14bcf96c9d560235cdcd7ec8f96c58752531f03,2abbaa4f94268e5f7616e463ae450e4fa9def4e1ac7de97888bf6456bb42fbfe
warm-sink-bulk-mongo-c128,mongo,merge,1,2,2Gi,False,m8g.2xlarge,1536MiB,auto,100,,,512,32,2,1000,16.0,True,128,4096,0,1024,False,False,30.0,0,1,False,False,1,1,0,4,0,1,0,40.009300954,5.0,0.01,5914.899644762237,5914.899644762237,20.959765,32.085786,35.471915,42.085166,35.46887,0,0,0,True,False,True,False,,,,,,0,,0,True,1.1601852776219852,0.1935373292444946,0.6055026936024562,,,0.0,17.38671875,34.765625,False,0,0,0,0,7c910988883ac20f5442e1a6a3e66d10de8900691696fc13cf5cddca8ca81a8d,2abbaa4f94268e5f7616e463ae450e4fa9def4e1ac7de97888bf6456bb42fbfe
warm-sink-bulk-mongo-c512,mongo,merge,1,2,2Gi,False,m8g.2xlarge,1536MiB,auto,100,,,512,32,2,1000,16.0,True,512,4096,0,1024,False,False,30.0,0,1,False,False,1,1,0,4,0,1,0,40.040675413,5.0,0.01,10047.258090691088,10047.258090691088,45.092631,94.732911,156.608116,623.338503,156.607135,0,0,0,True,False,True,False,,,,,,0,,0,True,1.80860490948985,0.3132236473496305,1.1353956629153976,,,11.84971098265896,39.71484375,57.19921875,False,0,0,0,0,7c910988883ac20f5442e1a6a3e66d10de8900691696fc13cf5cddca8ca81a8d,2abbaa4f94268e5f7616e463ae450e4fa9def4e1ac7de97888bf6456bb42fbfe
warm-sink-bulk-search-c128,search,merge,1,2,2Gi,False,m8g.2xlarge,1536MiB,auto,100,,,512,32,2,1000,16.0,True,128,4096,0,1024,False,False,30.0,0,1,False,False,1,1,0,4,0,1,0,40.007029075,5.0,0.01,8493.05754153903,8493.05754153903,14.824096,20.924506,23.838002,42.951091,23.837166,0,0,0,True,False,True,False,,,,,,0,,0,True,1.2362024061343206,0.28286328908155084,0.5287123628578961,,,0.0,19.5546875,36.92578125,False,0,0,0,0,7c910988883ac20f5442e1a6a3e66d10de8900691696fc13cf5cddca8ca81a8d,2abbaa4f94268e5f7616e463ae450e4fa9def4e1ac7de97888bf6456bb42fbfe
warm-sink-bulk-search-c512,search,merge,1,2,2Gi,False,m8g.2xlarge,1536MiB,auto,100,,,512,32,2,1000,16.0,True,512,4096,0,1024,False,False,30.0,0,1,False,False,1,1,0,4,0,1,0,40.025870465,5.0,0.01,14112.122820512406,14112.122820512406,33.017691,64.050348,93.869758,280.481174,93.868938,0,0,0,True,False,True,False,,,,,,0,,0,True,1.8666335888310992,0.4504986084583947,0.8654827143637382,,,9.392265193370166,38.09765625,55.01171875,False,0,0,0,0,7c910988883ac20f5442e1a6a3e66d10de8900691696fc13cf5cddca8ca81a8d,2abbaa4f94268e5f7616e463ae450e4fa9def4e1ac7de97888bf6456bb42fbfe
warm-sink-candidate-mongo-c128,mongo,merge,1,2,2Gi,False,m8g.2xlarge,1536MiB,auto,100,,,512,32,2,1000,16.0,True,128,4096,0,1024,False,False,30.0,0,1,False,False,1,1,0,4,0,1,0,40.020030371,5.0,0.01,5542.574504409538,5542.574504409538,24.595145,29.615594,33.104082,108.756798,33.102575,0,0,0,True,False,True,False,,,,,,0,,0,True,1.4604247238095238,0.19164898756660992,1.6006374951675364,,,0.0,19.796875,36.80078125,False,0,0,0,0,523ea3b4953c7a7a24415f3c80d3f64e5cd54414f7e7c49db5b43ca768b2f261,2abbaa4f94268e5f7616e463ae450e4fa9def4e1ac7de97888bf6456bb42fbfe
warm-sink-candidate-mongo-c512,mongo,merge,1,2,2Gi,False,m8g.2xlarge,1536MiB,auto,100,,,512,32,2,1000,16.0,True,512,4096,0,1024,False,False,30.0,0,1,False,False,1,1,0,4,0,1,0,40.039334257,5.0,0.01,7410.5877509221045,7410.5877509221045,45.876784,207.972623,425.888549,978.848137,425.887576,0,0,0,True,False,True,False,,,,,,0,,0,True,1.9033552180685354,0.2710627085758636,2.18988486969996,,,2.7237354085603114,38.6953125,55.33984375,False,0,0,0,0,523ea3b4953c7a7a24415f3c80d3f64e5cd54414f7e7c49db5b43ca768b2f261,2abbaa4f94268e5f7616e463ae450e4fa9def4e1ac7de97888bf6456bb42fbfe
warm-sink-candidate-search-c128,search,merge,1,2,2Gi,False,m8g.2xlarge,1536MiB,auto,100,,,512,32,2,1000,16.0,True,128,4096,0,1024,False,False,30.0,0,1,False,False,1,1,0,4,0,1,0,40.00896188,5.0,0.01,8152.373485177766,8152.373485177766,15.476845,21.578886,24.552187,51.291719,24.550461,0,0,0,True,False,True,False,,,,,,0,,0,True,1.2993409003037844,0.2680499084009419,0.5041932083122145,,,0.0,20.0234375,37.1796875,False,0,0,0,0,523ea3b4953c7a7a24415f3c80d3f64e5cd54414f7e7c49db5b43ca768b2f261,2abbaa4f94268e5f7616e463ae450e4fa9def4e1ac7de97888bf6456bb42fbfe
warm-sink-candidate-search-c512,search,merge,1,2,2Gi,False,m8g.2xlarge,1536MiB,auto,100,,,512,32,2,1000,16.0,True,512,4096,0,1024,False,False,30.0,0,1,False,False,1,1,0,4,0,1,0,40.028004446,5.0,0.01,12265.287935158636,12265.287935158636,35.937985,82.175242,132.539708,328.098157,132.538649,0,0,0,True,False,True,False,,,,,,0,,0,True,1.9205281662454359,0.41271557307800893,0.8627682713964079,,,5.337078651685394,39.328125,55.23828125,False,0,0,0,0,523ea3b4953c7a7a24415f3c80d3f64e5cd54414f7e7c49db5b43ca768b2f261,2abbaa4f94268e5f7616e463ae450e4fa9def4e1ac7de97888bf6456bb42fbfe
